Used by,Component id,Version id,Component name,Component version name,Channel versions,License ids,License names,License families,Match type,Producer match type,Usage,In use,Operational risk,Component policy status,Overridden By,Created At,Origin name,Origin id,Review status,Reviewed by,Reviewed at,Project path
,85d62961-b2b9-4605-add7-727344039790,52a9323f-dd6d-46a5-ad58-83deca198c52,benchmark-octane,1.0.0,,00000000-1000-0000-0000-000000000000,License Not Found,UNKNOWN,Exact,,DYNAMICALLY_LINKED,true,OK,Not In Violation,,2/8/18,,,NOT_REVIEWED,,,sriramabFirefox 53.0.3
,7aec12f5-6039-4480-9bbd-ff50075958d9,22be5f46-ac87-4eb1-a443-4e2bf1488508,eslint-plugin-mozilla,0.2.5,,ce3dd63e-c569-4cea-986a-46bc5efe9896,Mozilla Public License 2.0,WEAK_RECIPROCAL,Exact,,DYNAMICALLY_LINKED,true,LOW,Not In Violation,,2/8/18,,,NOT_REVIEWED,,,sriramabFirefox 53.0.3
,47fafe0b-2400-457a-b0a2-8739a24a745d,23ef5757-6b16-4e57-a279-cb1a6103aaec,mozjs38,38.2.1,,"3d238144-44e6-450e-b523-3defbdaed9dc,f80fb9a9-5329-47c2-864d-00ed5cf744bf,39692bc6-4d1c-4466-a02c-fa6f21170587,7cae335f-1193-421e-92f1-8802b4243e93,ce3dd63e-c569-4cea-986a-46bc5efe9896,cff110eb-f85c-445c-9d3b-00a04b7f4cf0,537d3ece-558e-4181-a6c2-1cd0983817b9,fecf595c-3184-47f4-92f9-1a32ab46a8f1","(GNU General Public License v2.0 or later AND BSD 3-clause ""New"" or ""Revised"" License AND Academic Free License v3.0 AND Apache License 2.0 AND Mozilla Public License 2.0 AND GNU Lesser General Public License v2.1 or later AND GNU General Public License v3.0 or later AND GNU Lesser General Public License v2.1 only)","RECIPROCAL,WEAK_RECIPROCAL,PERMISSIVE","Files Added/Deleted,Exact,Files Modified",,DYNAMICALLY_LINKED,true,LOW,Not In Violation,,2/8/18,,,NOT_REVIEWED,,,sriramabFirefox 53.0.3
,a32a61f9-4f14-48e6-9659-4a14d8de3349,8410f846-91e9-421a-b757-a4fc52469203,chaijs,unknown,,ad705c59-6893-4980-bdbf-0837f1823cc4,MIT License,PERMISSIVE,Exact,,DYNAMICALLY_LINKED,true,HIGH,Not In Violation,,2/8/18,,,NOT_REVIEWED,,,sriramabFirefox 53.0.3
,2baa3050-6c3d-48ef-bfb7-68871f182db3,87c218d4-f332-4c8a-b095-bee96e52883a,Minium - App,0.9.4,,7cae335f-1193-421e-92f1-8802b4243e93,Apache License 2.0,PERMISSIVE,Exact,,DYNAMICALLY_LINKED,true,LOW,Not In Violation,,2/8/18,,,NOT_REVIEWED,,,sriramabFirefox 53.0.3
,53c6f1a1-17c6-4942-b2e5-83e2c3317ce1,52b878f5-bf32-4a53-a14b-8aadc13e3e2d,Acorn,2.6.4,,ad705c59-6893-4980-bdbf-0837f1823cc4,MIT License,PERMISSIVE,Exact,,DYNAMICALLY_LINKED,true,MEDIUM,Not In Violation,,2/8/18,,,NOT_REVIEWED,,,sriramabFirefox 53.0.3
,01a6600f-fb28-409f-9a0a-4dee44332bd4,cb97e53d-9e17-41a3-8ffc-8de09e997a6a,pretty-fast,0.2.1,,3d238144-44e6-450e-b523-3defbdaed9dc,"BSD 3-clause ""New"" or ""Revised"" License",PERMISSIVE,Exact,,DYNAMICALLY_LINKED,true,LOW,Not In Violation,,2/8/18,,,NOT_REVIEWED,,,sriramabFirefox 53.0.3
,f72ed4e6-0f2c-4a9a-a249-1d457de24d98,203dde6a-cda3-4f59-b708-5766f376f050,Validator.nu,17.1.8,,ad705c59-6893-4980-bdbf-0837f1823cc4,MIT License,PERMISSIVE,Exact,,DYNAMICALLY_LINKED,true,LOW,Not In Violation,,2/8/18,,,NOT_REVIEWED,,,sriramabFirefox 53.0.3
,7451ab08-3cd7-4120-a9db-34a18534a3c1,3bb2eb94-95c2-4a7c-a48d-305d5f0c7d19,flok,0.0.100,,00000000-0010-0000-0000-000000000000,Unknown License,UNKNOWN,Exact,,DYNAMICALLY_LINKED,true,MEDIUM,Not In Violation,,2/8/18,,,NOT_REVIEWED,,,sriramabFirefox 53.0.3
,2504dce9-b1c9-4037-9b03-8a222d9a1570,360977f2-ab54-4919-9be3-a69f0a20c1a1,jemalloc,4.4.0,,3d238144-44e6-450e-b523-3defbdaed9dc,"BSD 3-clause ""New"" or ""Revised"" License",PERMISSIVE,Exact,,DYNAMICALLY_LINKED,true,LOW,Not In Violation,,2/8/18,,,NOT_REVIEWED,,,sriramabFirefox 53.0.3
,d769d4e9-5304-4687-9fc5-823dda8149ea,75bfd17a-fc01-49b2-968f-8ecced58e71b,Android - platform - external - chromium_org - testing - gtest,android-4.4_r1,,3d238144-44e6-450e-b523-3defbdaed9dc,"BSD 3-clause ""New"" or ""Revised"" License",PERMISSIVE,Files Modified,,DYNAMICALLY_LINKED,true,HIGH,Not In Violation,,2/8/18,,,NOT_REVIEWED,,,sriramabFirefox 53.0.3
,199207bd-1f28-465e-9208-d8d039d3e113,559a663d-ee56-4206-b8a6-1520ed7b401d,react-dom-server,unknown,,14b0b50b-acd2-4fc8-ac65-3b15f9e58260,ISC License,PERMISSIVE,Exact,,DYNAMICALLY_LINKED,true,OK,Not In Violation,,2/8/18,,,NOT_REVIEWED,,,sriramabFirefox 53.0.3
,5268f229-3e37-4068-ad3a-18f0bfbf8b34,3dc25ff9-b0a9-45e4-a08b-cf772e2ec838,google-gson,2.2.4,,7cae335f-1193-421e-92f1-8802b4243e93,Apache License 2.0,PERMISSIVE,Exact,,DYNAMICALLY_LINKED,true,HIGH,Not In Violation,,2/8/18,,,NOT_REVIEWED,,,sriramabFirefox 53.0.3
,fea75474-4ee3-418d-b1be-99c43dfd0921,99ba1ae8-28db-43ce-95db-b412e12fac45,asn1js,1.2.11,,3d238144-44e6-450e-b523-3defbdaed9dc,"BSD 3-clause ""New"" or ""Revised"" License",PERMISSIVE,Exact,,DYNAMICALLY_LINKED,true,LOW,Not In Violation,,2/8/18,,,NOT_REVIEWED,,,sriramabFirefox 53.0.3
,1d6c99a7-c22e-4112-9eef-6c540e9fa162,cc8880d8-9637-47fc-9f87-568f4405c82a,React from Facebook,15.4.1,,c08ce128-5a2f-4d9f-b73d-89702e142efd,Facebook BSD License with Patent Provision,PERMISSIVE,Exact,,DYNAMICALLY_LINKED,true,LOW,Not In Violation,,2/8/18,,,NOT_REVIEWED,,,sriramabFirefox 53.0.3
,e4519f29-73c6-45e3-80b0-e5e8647ed277,fb2d8974-2a85-40db-8231-84f9f57828a7,jQuery,1.3.0,,"ad705c59-6893-4980-bdbf-0837f1823cc4,39692bc6-4d1c-4466-a02c-fa6f21170587",(GNU General Public License v2.0 or later AND MIT License),"RECIPROCAL,PERMISSIVE",Exact,,DYNAMICALLY_LINKED,true,HIGH,Not In Violation,,2/8/18,,,NOT_REVIEWED,,,sriramabFirefox 53.0.3
,a724c580-2159-4c15-bf9f-69ef62745d7f,4cb44f78-8d5a-4bb8-b923-131a48860c54,reselect,3.0.0-rc1,,ad705c59-6893-4980-bdbf-0837f1823cc4,MIT License,PERMISSIVE,Exact,,DYNAMICALLY_LINKED,true,LOW,Not In Violation,,2/8/18,,,NOT_REVIEWED,,,sriramabFirefox 53.0.3
,2e9927ea-76c9-45c3-ab79-016dd43a8521,b419bd58-593c-4a94-9d97-8a37bc1ce5ee,python-pyasn1,0.1.7,,3d238144-44e6-450e-b523-3defbdaed9dc,"BSD 3-clause ""New"" or ""Revised"" License",PERMISSIVE,Exact,,DYNAMICALLY_LINKED,true,MEDIUM,Not In Violation,,2/8/18,,,NOT_REVIEWED,,,sriramabFirefox 53.0.3
,8f0a698d-1340-48f1-b130-7b13894da3ff,0773b819-75ac-425e-b4b5-deb9b3990a52,Mozilla l10n-central fr,tip,,00000000-0010-0000-0000-000000000000,Unknown License,UNKNOWN,Exact,,DYNAMICALLY_LINKED,true,LOW,Not In Violation,,2/8/18,,,NOT_REVIEWED,,,sriramabFirefox 53.0.3
,31aa1bf0-b633-473e-977d-9baaf2cf5891,f83989d3-f86e-41f9-9b93-78cca4a5d9e8,Mozilla NSS,3.29.5,,"d7f120df-c44d-493d-9c5e-03e301e05942,39692bc6-4d1c-4466-a02c-fa6f21170587,cff110eb-f85c-445c-9d3b-00a04b7f4cf0",(GNU General Public License v2.0 or later OR GNU Lesser General Public License v2.1 or later OR Mozilla Public License 1.1),"RECIPROCAL,WEAK_RECIPROCAL","Exact,Exact,Files Modified",,DYNAMICALLY_LINKED,true,LOW,Not In Violation,,2/8/18,,,NOT_REVIEWED,,,sriramabFirefox 53.0.3
,e4519f29-73c6-45e3-80b0-e5e8647ed277,0935eee0-74bd-4847-ace0-bab7b89b8c1c,jQuery,1.2,,"ad705c59-6893-4980-bdbf-0837f1823cc4,39692bc6-4d1c-4466-a02c-fa6f21170587",(GNU General Public License v2.0 or later AND MIT License),"RECIPROCAL,PERMISSIVE",Exact,,DYNAMICALLY_LINKED,true,HIGH,Not In Violation,,2/8/18,,,NOT_REVIEWED,,,sriramabFirefox 53.0.3
,66cf0afb-0c49-476e-a5bf-c53030c223c7,b95ae566-044d-4a74-9b33-f3ec8342cd2a,MeshCommander,0.3.8,,7cae335f-1193-421e-92f1-8802b4243e93,Apache License 2.0,PERMISSIVE,Exact,,DYNAMICALLY_LINKED,true,OK,Not In Violation,,2/8/18,,,NOT_REVIEWED,,,sriramabFirefox 53.0.3
,518ddb1a-0678-4833-9b3f-4dd6d658b8b9,84f1c728-0fce-4edc-9236-c5e1e0c6befc,gflags,2.1.2,,3d238144-44e6-450e-b523-3defbdaed9dc,"BSD 3-clause ""New"" or ""Revised"" License",PERMISSIVE,Exact,,DYNAMICALLY_LINKED,true,HIGH,Not In Violation,,2/8/18,,,NOT_REVIEWED,,,sriramabFirefox 53.0.3
,02f1227b-4836-488d-9505-f7b424c436f8,3263d467-6db7-442e-b46a-71b9c042e50a,Mozilla Firefox,43.0,,ce3dd63e-c569-4cea-986a-46bc5efe9896,Mozilla Public License 2.0,WEAK_RECIPROCAL,Exact,,DYNAMICALLY_LINKED,true,MEDIUM,Not In Violation,,2/8/18,,,NOT_REVIEWED,,,sriramabFirefox 53.0.3
,2d5071ae-a723-477f-9c1a-e27eef9acfcd,b745ec30-81a6-44ce-a628-71bc90a835b7,seamless-immutable,3.0.0,,7cae335f-1193-421e-92f1-8802b4243e93,Apache License 2.0,PERMISSIVE,Exact,,DYNAMICALLY_LINKED,true,HIGH,Not In Violation,,2/8/18,,,NOT_REVIEWED,,,sriramabFirefox 53.0.3
,f4c1917c-645a-4443-8e26-d3122e7d6ac2,9b2c06b8-16a3-4ad6-a8b6-3f0888947743,MochiKit - A lightweight Javascript library,1.4.2,,"89270f73-0920-4660-bf98-da4de1c75495,ad705c59-6893-4980-bdbf-0837f1823cc4",(Academic Free License v2.1 OR MIT License),PERMISSIVE,Exact,,DYNAMICALLY_LINKED,true,OK,Not In Violation,,2/8/18,,,NOT_REVIEWED,,,sriramabFirefox 53.0.3
,dd1f55ac-a686-4f62-8d03-52b563d7cd8a,ac089f4d-653b-4318-ae47-91480b64d4a1,Bootstrap (Twitter),2-basic-offset,,00000000-0010-0000-0000-000000000000,Unknown License,UNKNOWN,Exact,,DYNAMICALLY_LINKED,true,LOW,Not In Violation,,2/8/18,,,NOT_REVIEWED,,,sriramabFirefox 53.0.3
,681447a0-cfd0-41b6-9ede-aa71ff60fa11,0f1162b0-7ab3-43b5-a309-5ac4791506c1,Kallithea,20170305-snapshot-8d788789,,f80fb9a9-5329-47c2-864d-00ed5cf744bf,GNU General Public License v3.0 or later,RECIPROCAL,Exact,,DYNAMICALLY_LINKED,true,OK,Not In Violation,,2/8/18,,,NOT_REVIEWED,,,sriramabFirefox 53.0.3
,f0d5b8db-bcb1-4fcc-8fb9-39e1aa28ebf6,88e88e5c-0543-4880-93c5-99fcd825a6c2,ceph,v0.94.1,,cff110eb-f85c-445c-9d3b-00a04b7f4cf0,GNU Lesser General Public License v2.1 or later,WEAK_RECIPROCAL,Exact,,DYNAMICALLY_LINKED,true,MEDIUM,Not In Violation,,2/8/18,,,NOT_REVIEWED,,,sriramabFirefox 53.0.3
,c785a8fc-3fa3-4c44-9ded-e63f52c1bf0d,dcb923f2-d395-45b5-aa29-94f2601c5cd5,Mozilla JavaScript-C Engine - SpiderMonkey,24.2.0,,ce3dd63e-c569-4cea-986a-46bc5efe9896,Mozilla Public License 2.0,WEAK_RECIPROCAL,"Files Added/Deleted,Exact,Files Modified",,DYNAMICALLY_LINKED,true,OK,Not In Violation,,2/8/18,,,NOT_REVIEWED,,,sriramabFirefox 53.0.3
,60d94529-7300-42be-8471-a7685a5f4b50,0d1cc4c3-9426-459e-b262-426051656581,Sphinx-Python Documentation Generator,1.1.3,,9f63ea0e-1486-40ff-844a-1536676b5400,"BSD 4-clause ""Original"" or ""Old"" License",PERMISSIVE,Exact,,DYNAMICALLY_LINKED,true,HIGH,Not In Violation,,2/8/18,,,NOT_REVIEWED,,,sriramabFirefox 53.0.3
,9ed7e7d9-eb08-4167-be88-e356a13cf6ec,099fd4b9-b164-443a-bf8d-fefefb8cdb51,react-addons-shallow-compare,80,,00000000-0010-0000-0000-000000000000,Unknown License,UNKNOWN,Exact,,DYNAMICALLY_LINKED,true,LOW,Not In Violation,,2/8/18,,,NOT_REVIEWED,,,sriramabFirefox 53.0.3
,de380326-6a18-4b4c-b10b-240dc704de25,d4252171-3262-4be7-b6a5-8caff66fde69,ihe-gazelle,gazelle-tools-3.0.27,,00000000-0010-0000-0000-000000000000,Unknown License,UNKNOWN,Exact,,DYNAMICALLY_LINKED,true,LOW,Not In Violation,,2/8/18,,,NOT_REVIEWED,,,sriramabFirefox 53.0.3
,2d9c7442-7f0c-4d8c-a1de-d58c565e8256,f7e69d28-8b0c-4093-af74-a75826a4aa88,pdfjs-dist-viewer-min,1.7.225,,7cae335f-1193-421e-92f1-8802b4243e93,Apache License 2.0,PERMISSIVE,Exact,,DYNAMICALLY_LINKED,true,LOW,Not In Violation,,2/8/18,,,NOT_REVIEWED,,,sriramabFirefox 53.0.3
,61ee94b2-1eca-4e0a-9b48-f6ecc108727a,16e9bc5c-b295-4ee9-98b3-3806f3e17be8,Robotium :: Solo,5.5.4,,7cae335f-1193-421e-92f1-8802b4243e93,Apache License 2.0,PERMISSIVE,Exact,,DYNAMICALLY_LINKED,true,LOW,Not In Violation,,2/8/18,,,NOT_REVIEWED,,,sriramabFirefox 53.0.3
,12a9491e-e19b-4934-a310-d4ea7ef4bca4,c5607947-87eb-4735-b7b1-04679ca05988,debugger.html,0.0.13,,ce3dd63e-c569-4cea-986a-46bc5efe9896,Mozilla Public License 2.0,WEAK_RECIPROCAL,"Exact,Exact",,DYNAMICALLY_LINKED,true,OK,Not In Violation,,2/8/18,,,NOT_REVIEWED,,,sriramabFirefox 53.0.3
,e4519f29-73c6-45e3-80b0-e5e8647ed277,275fe936-e559-4885-b78b-06f7fc8cdf2e,jQuery,Unknown,,"ad705c59-6893-4980-bdbf-0837f1823cc4,39692bc6-4d1c-4466-a02c-fa6f21170587",(GNU General Public License v2.0 or later AND MIT License),"RECIPROCAL,PERMISSIVE",Exact,,DYNAMICALLY_LINKED,true,HIGH,Not In Violation,,2/8/18,,,NOT_REVIEWED,,,sriramabFirefox 53.0.3
,2f0a32a0-f5c6-45d7-858c-b8a5d922633d,6a498753-9a2b-4c0a-a584-f252728d10da,Guava: Google Core Libraries for Java,18.0-rc2,,7cae335f-1193-421e-92f1-8802b4243e93,Apache License 2.0,PERMISSIVE,Exact,,DYNAMICALLY_LINKED,true,MEDIUM,Not In Violation,,2/8/18,,,NOT_REVIEWED,,,sriramabFirefox 53.0.3
,539d5034-e1bf-405f-afb4-fefa5feaf74b,962a11c0-6adc-405c-8d1e-482f78e1a930,libvorbis,1.3.5,,3d238144-44e6-450e-b523-3defbdaed9dc,"BSD 3-clause ""New"" or ""Revised"" License",PERMISSIVE,"Files Added/Deleted,Exact",,DYNAMICALLY_LINKED,true,HIGH,Not In Violation,,2/8/18,,,NOT_REVIEWED,,,sriramabFirefox 53.0.3
,59ce378c-7243-479d-b138-084e27286883,e707acd5-a412-41dd-ae60-15e93e40ab5a,nss-util,3.29.5,,ce3dd63e-c569-4cea-986a-46bc5efe9896,Mozilla Public License 2.0,WEAK_RECIPROCAL,Exact,,DYNAMICALLY_LINKED,true,LOW,Not In Violation,,2/8/18,,,NOT_REVIEWED,,,sriramabFirefox 53.0.3
,eadcab9e-fbc9-46e8-a19d-2a8a84648850,8fd09739-c490-48fb-ba24-cdc6fb2cc201,marionette-client,3.3.0,,ce3dd63e-c569-4cea-986a-46bc5efe9896,Mozilla Public License 2.0,WEAK_RECIPROCAL,Files Modified,,DYNAMICALLY_LINKED,true,OK,Not In Violation,,2/8/18,,,NOT_REVIEWED,,,sriramabFirefox 53.0.3
,01b9c158-0cbb-47b1-be28-735c4d9ad393,46b20eaf-ff08-45a1-b368-05689ba73d4f,source-map,0.5.2,,3d238144-44e6-450e-b523-3defbdaed9dc,"BSD 3-clause ""New"" or ""Revised"" License",PERMISSIVE,Exact,,DYNAMICALLY_LINKED,true,MEDIUM,Not In Violation,,2/8/18,,,NOT_REVIEWED,,,sriramabFirefox 53.0.3
,ba9d1f75-f0fd-47b1-8ffd-d5b8abca45e8,b9055318-4bf7-465a-a3da-816380705548,NfWebCrypto,master-20170109,,7cae335f-1193-421e-92f1-8802b4243e93,Apache License 2.0,PERMISSIVE,Files Modified,,DYNAMICALLY_LINKED,true,HIGH,Not In Violation,,2/8/18,,,NOT_REVIEWED,,,sriramabFirefox 53.0.3
,38d075de-2309-453c-965d-d1d7fdc04fd6,360bc37f-a8b5-4592-9d41-c810aaedf254,Thunderbird,52.0,,"cb3238d3-5a3e-4506-a6e2-5054a6f07cdf,d7f120df-c44d-493d-9c5e-03e301e05942,39692bc6-4d1c-4466-a02c-fa6f21170587",(GNU General Public License v2.0 or later OR GNU Library General Public License v2 or later OR Mozilla Public License 1.1),"RECIPROCAL,WEAK_RECIPROCAL",Exact,,DYNAMICALLY_LINKED,true,LOW,Not In Violation,,2/8/18,,,NOT_REVIEWED,,,sriramabFirefox 53.0.3
,906e0915-a892-41e3-b3d9-a8dbdd9acf84,8c9d5750-3041-4f69-afd5-2b81eb6de1fa,devtools-modules,0.0.32-rc2,,ce3dd63e-c569-4cea-986a-46bc5efe9896,Mozilla Public License 2.0,WEAK_RECIPROCAL,Exact,,DYNAMICALLY_LINKED,true,LOW,Not In Violation,,2/8/18,,,NOT_REVIEWED,,,sriramabFirefox 53.0.3
,f03c3a5f-a2c6-43ad-9561-6cd672db8a1f,23678f8b-ed26-416e-bc17-81094e5a0b54,Lo-Dash,unknown,,ad705c59-6893-4980-bdbf-0837f1823cc4,MIT License,PERMISSIVE,Exact,,DYNAMICALLY_LINKED,true,MEDIUM,Not In Violation,,2/8/18,,,NOT_REVIEWED,,,sriramabFirefox 53.0.3
,02f1227b-4836-488d-9505-f7b424c436f8,4eee04c7-133c-475c-8a45-f6d56f7575c8,Mozilla Firefox,33.0,,ce3dd63e-c569-4cea-986a-46bc5efe9896,Mozilla Public License 2.0,WEAK_RECIPROCAL,Exact,,DYNAMICALLY_LINKED,true,MEDIUM,Not In Violation,,2/8/18,,,NOT_REVIEWED,,,sriramabFirefox 53.0.3
,41c231d5-a25d-48b7-8e96-21ae15777ae7,d85a8df8-764a-41c4-b189-54a235ec6136,mozmill,2.0,,ce3dd63e-c569-4cea-986a-46bc5efe9896,Mozilla Public License 2.0,WEAK_RECIPROCAL,Files Modified,,DYNAMICALLY_LINKED,true,HIGH,Not In Violation,,2/8/18,,,NOT_REVIEWED,,,sriramabFirefox 53.0.3
,40c46fbc-96dc-48c0-a381-d3000ef9bed3,46665997-4a7b-4570-8eef-c6d0dde72131,PicoModal,2.0.1,,ad705c59-6893-4980-bdbf-0837f1823cc4,MIT License,PERMISSIVE,Exact,,DYNAMICALLY_LINKED,true,HIGH,Not In Violation,,2/8/18,,,NOT_REVIEWED,,,sriramabFirefox 53.0.3
,d8863819-658b-4873-b722-4b5eedc97072,b4a218d5-f3e5-4e98-ad78-01af8c8dd9a0,LibreOffice,5.4.2.2,,ce3dd63e-c569-4cea-986a-46bc5efe9896,Mozilla Public License 2.0,WEAK_RECIPROCAL,Exact,,DYNAMICALLY_LINKED,true,LOW,Not In Violation,,2/8/18,,,NOT_REVIEWED,,,sriramabFirefox 53.0.3
,6f23ac89-406b-4f9b-8b6f-a75d5b4b098c,5b8a6ac4-38e7-4aaa-9e7c-f68bd57a37c0,gl,0.0.5,,3d238144-44e6-450e-b523-3defbdaed9dc,"BSD 3-clause ""New"" or ""Revised"" License",PERMISSIVE,Exact,,DYNAMICALLY_LINKED,true,MEDIUM,Not In Violation,,2/8/18,,,NOT_REVIEWED,,,sriramabFirefox 53.0.3
,a4334b23-16a9-4e42-80af-d09081314be2,f8bcdced-635c-483a-bcad-69aaf80f249f,Python-RSA,3.1.4,,7cae335f-1193-421e-92f1-8802b4243e93,Apache License 2.0,PERMISSIVE,Exact,,DYNAMICALLY_LINKED,true,MEDIUM,Not In Violation,,2/8/18,,,NOT_REVIEWED,,,sriramabFirefox 53.0.3
,63545277-6dcf-486a-a634-5d54ad67ce0b,47b49464-0591-46bc-8498-47d84bc79b33,Prototype Javascript Framework,1.6.0.3,,ad705c59-6893-4980-bdbf-0837f1823cc4,MIT License,PERMISSIVE,Exact,,DYNAMICALLY_LINKED,true,HIGH,Not In Violation,,2/8/18,,,NOT_REVIEWED,,,sriramabFirefox 53.0.3
,5825e3d8-7c46-4e80-88e1-b924d7185266,c43d26b3-4961-46d1-94a6-09777ce8de6a,jexl,1.1.2,,ad705c59-6893-4980-bdbf-0837f1823cc4,MIT License,PERMISSIVE,Exact,,DYNAMICALLY_LINKED,true,LOW,Not In Violation,,2/8/18,,,NOT_REVIEWED,,,sriramabFirefox 53.0.3
,9e85142b-bd9b-4184-9c0e-9232f9699dab,77f33eac-1aac-45ca-9a79-00a918184934,webassembly-interpreter,0.0.16,,0289ba34-8fe7-41db-82e0-49c28b9c2414,GNU General Public License v2.0 only,RECIPROCAL,Exact,,DYNAMICALLY_LINKED,true,OK,Not In Violation,,2/8/18,,,NOT_REVIEWED,,,sriramabFirefox 53.0.3
,c5a8d829-7ae7-4722-9ce2-f21a6770c4f0,1343a49c-b902-4fe0-9c25-ebe3cfde7ced,kinto,8.0.0,,7cae335f-1193-421e-92f1-8802b4243e93,Apache License 2.0,PERMISSIVE,Exact,,DYNAMICALLY_LINKED,true,LOW,Not In Violation,,2/8/18,,,NOT_REVIEWED,,,sriramabFirefox 53.0.3
,e4519f29-73c6-45e3-80b0-e5e8647ed277,ddf1747f-e66a-48db-8808-00c7c0d4cfc1,jQuery,1.7.0,,"ad705c59-6893-4980-bdbf-0837f1823cc4,39692bc6-4d1c-4466-a02c-fa6f21170587",(GNU General Public License v2.0 or later OR MIT License),"RECIPROCAL,PERMISSIVE",Exact,,DYNAMICALLY_LINKED,true,HIGH,Not In Violation,,2/8/18,,,NOT_REVIEWED,,,sriramabFirefox 53.0.3
,41ec5aa0-806a-4134-8ca1-d48daaec020c,4d13423f-012e-4a43-8768-8b49c83120df,requests,2.9.1,,7cae335f-1193-421e-92f1-8802b4243e93,Apache License 2.0,PERMISSIVE,Exact,,DYNAMICALLY_LINKED,true,MEDIUM,Not In Violation,,2/8/18,,,NOT_REVIEWED,,,sriramabFirefox 53.0.3
,1186be6a-b9a6-469f-913a-9e9467f14d50,507bde66-79af-4b12-a4a2-d15e5c4a24ce,The FreeType Project,2.7.1,,f80fb9a9-5329-47c2-864d-00ed5cf744bf,GNU General Public License v3.0 or later,RECIPROCAL,Exact,,DYNAMICALLY_LINKED,true,LOW,Not In Violation,,2/8/18,,,NOT_REVIEWED,,,sriramabFirefox 53.0.3
,036ec0bf-f041-4dd4-8acd-4db0a42a08be,4da88a02-7002-4626-b1db-c4a7b15c8c44,sozi-export,15.12.31,,00000000-0010-0000-0000-000000000000,Unknown License,UNKNOWN,Exact,,DYNAMICALLY_LINKED,true,MEDIUM,Not In Violation,,2/8/18,,,NOT_REVIEWED,,,sriramabFirefox 53.0.3
,7cda8239-6760-488e-bb12-23b3ebc0c444,865a8abc-e22a-4e7a-8dcd-5cb608b574f9,devtools-mc-assets,0.0.3,,14b0b50b-acd2-4fc8-ac65-3b15f9e58260,ISC License,PERMISSIVE,Exact,,DYNAMICALLY_LINKED,true,LOW,Not In Violation,,2/8/18,,,NOT_REVIEWED,,,sriramabFirefox 53.0.3
,abb21af2-cb2c-4609-8e86-77fdf4825b1f,24008d89-b433-4de7-92cd-c244ac6baf42,microformat-shiv,1.3.3,,ad705c59-6893-4980-bdbf-0837f1823cc4,MIT License,PERMISSIVE,Exact,,DYNAMICALLY_LINKED,true,MEDIUM,Not In Violation,,2/8/18,,,NOT_REVIEWED,,,sriramabFirefox 53.0.3
,0bd4f813-63e4-45a7-9676-53325f703c87,9d24c619-1ccc-4497-8632-8e86fef29a2b,wptrunner,1.10,,ce3dd63e-c569-4cea-986a-46bc5efe9896,Mozilla Public License 2.0,WEAK_RECIPROCAL,Files Modified,,DYNAMICALLY_LINKED,true,MEDIUM,Not In Violation,,2/8/18,,,NOT_REVIEWED,,,sriramabFirefox 53.0.3
,5d0331f5-aab6-4e66-94af-0745c799f230,26d5780e-365d-40e6-9413-beb3e18b0210,pythonfutures,3.0.5,,3d238144-44e6-450e-b523-3defbdaed9dc,"BSD 3-clause ""New"" or ""Revised"" License",PERMISSIVE,Exact,,DYNAMICALLY_LINKED,true,HIGH,Not In Violation,,2/8/18,,,NOT_REVIEWED,,,sriramabFirefox 53.0.3
,8d28dff1-5ab8-4213-abe3-55e60ae519ca,ea01c73c-f263-4847-a1ac-98de47b12aa3,libevent - an event notification library,2.0.21,,3d238144-44e6-450e-b523-3defbdaed9dc,"BSD 3-clause ""New"" or ""Revised"" License",PERMISSIVE,"Exact,Files Modified",,DYNAMICALLY_LINKED,true,HIGH,Not In Violation,,2/8/18,,,NOT_REVIEWED,,,sriramabFirefox 53.0.3
,5126d763-aa0a-44cd-b564-e804d7e61b33,33bef0cd-a608-4c7a-8091-e3fcec62bccd,python3-PyYAML,3.11,,ad705c59-6893-4980-bdbf-0837f1823cc4,MIT License,PERMISSIVE,Exact,,DYNAMICALLY_LINKED,true,OK,Not In Violation,,2/8/18,,,NOT_REVIEWED,,,sriramabFirefox 53.0.3
,3732b775-d4dd-48a3-8646-85bf9dfefa11,41bdcb16-8233-4d5f-ac72-ccaa8f09bc9a,free-jqgrid,4.10.0,,"ad705c59-6893-4980-bdbf-0837f1823cc4,0289ba34-8fe7-41db-82e0-49c28b9c2414",(GNU General Public License v2.0 only AND MIT License),"RECIPROCAL,PERMISSIVE",Exact,,DYNAMICALLY_LINKED,true,MEDIUM,Not In Violation,,2/8/18,,,NOT_REVIEWED,,,sriramabFirefox 53.0.3
,f2a35a84-296d-432d-91ab-77a9e3d1c995,c96b5969-3af2-438b-bb6f-74966beb311b,libowncloudsync0,2.3.3,,"cb3238d3-5a3e-4506-a6e2-5054a6f07cdf,39692bc6-4d1c-4466-a02c-fa6f21170587",(GNU General Public License v2.0 or later AND GNU Library General Public License v2 or later),"RECIPROCAL,WEAK_RECIPROCAL","Exact,Files Modified",,DYNAMICALLY_LINKED,true,OK,Not In Violation,,2/8/18,,,NOT_REVIEWED,,,sriramabFirefox 53.0.3
,e4519f29-73c6-45e3-80b0-e5e8647ed277,477b2e8e-65a9-411a-810f-8fabcea070c5,jQuery,1.2.6,,"ad705c59-6893-4980-bdbf-0837f1823cc4,39692bc6-4d1c-4466-a02c-fa6f21170587",(GNU General Public License v2.0 or later AND MIT License),"RECIPROCAL,PERMISSIVE",Exact,,DYNAMICALLY_LINKED,true,HIGH,Not In Violation,,2/8/18,,,NOT_REVIEWED,,,sriramabFirefox 53.0.3
,dd1f55ac-a686-4f62-8d03-52b563d7cd8a,084b374f-e862-4165-b0d6-f70c176f699a,Bootstrap (Twitter),unknown,,ad705c59-6893-4980-bdbf-0837f1823cc4,MIT License,PERMISSIVE,Exact,,DYNAMICALLY_LINKED,true,MEDIUM,Not In Violation,,2/8/18,,,NOT_REVIEWED,,,sriramabFirefox 53.0.3
,0818907d-4dac-43b6-9628-9a692d6941e7,1561930f-9592-43b1-a5f5-8b370174035a,html5lib-python,0.99,,ad705c59-6893-4980-bdbf-0837f1823cc4,MIT License,PERMISSIVE,Exact,,DYNAMICALLY_LINKED,true,HIGH,Not In Violation,,2/8/18,,,NOT_REVIEWED,,,sriramabFirefox 53.0.3
,aaaed0e6-0813-4974-8515-2f280d812789,e9e9140b-aac9-41cb-9caa-cd3918cce840,barenode,0.2.1,,ad705c59-6893-4980-bdbf-0837f1823cc4,MIT License,PERMISSIVE,Exact,,DYNAMICALLY_LINKED,true,MEDIUM,Not In Violation,,2/8/18,,,NOT_REVIEWED,,,sriramabFirefox 53.0.3
,fdd6a29a-c05e-48a1-82b4-de77538e0dbc,9e65d15e-e260-4348-a9ef-3ef826aaa882,closure-compiler-stream,0.1.15,,ad705c59-6893-4980-bdbf-0837f1823cc4,MIT License,PERMISSIVE,Exact,,DYNAMICALLY_LINKED,true,OK,Not In Violation,,2/8/18,,,NOT_REVIEWED,,,sriramabFirefox 53.0.3
,cd9f8419-7d43-49a7-a377-4853ae0a5796,06f02237-6313-4aeb-b78a-103a2e4a1323,Underscore.js,1.3.1,,ad705c59-6893-4980-bdbf-0837f1823cc4,MIT License,PERMISSIVE,Exact,,DYNAMICALLY_LINKED,true,HIGH,Not In Violation,,2/8/18,,,NOT_REVIEWED,,,sriramabFirefox 53.0.3
,42859e3b-a35d-497b-9ff6-52816ae6917d,6e00b9c8-8947-4576-9b9d-cc765f6ba3fc,CodeMirror,4.6.0,,ad705c59-6893-4980-bdbf-0837f1823cc4,MIT License,PERMISSIVE,Exact,,DYNAMICALLY_LINKED,true,MEDIUM,Not In Violation,,2/8/18,,,NOT_REVIEWED,,,sriramabFirefox 53.0.3
,8110102f-bec7-4b90-99d4-7a28792d6bb9,6b74afe0-f567-4adc-bc66-20a118483f72,sphinx4-data,1.0.0,,3d238144-44e6-450e-b523-3defbdaed9dc,"BSD 3-clause ""New"" or ""Revised"" License",PERMISSIVE,Files Modified,,DYNAMICALLY_LINKED,true,OK,Not In Violation,,2/8/18,,,NOT_REVIEWED,,,sriramabFirefox 53.0.3
,708f4c7f-6415-4b9e-89fd-ee8c53f75a76,14c8fc55-eff3-4ea9-bba5-50153c9c215a,node-http2,3.3.7,,ad705c59-6893-4980-bdbf-0837f1823cc4,MIT License,PERMISSIVE,"Exact,Exact",,DYNAMICALLY_LINKED,true,HIGH,Not In Violation,,2/8/18,,,NOT_REVIEWED,,,sriramabFirefox 53.0.3
,4ba554fb-83b2-4d8b-9c2a-58f06cb2a974,fcdc6a7d-c2bc-4cb6-979b-8461cea27f85,react-dom-future,unknown,,00000000-1000-0000-0000-000000000000,License Not Found,UNKNOWN,Exact,,DYNAMICALLY_LINKED,true,MEDIUM,Not In Violation,,2/8/18,,,NOT_REVIEWED,,,sriramabFirefox 53.0.3
,05ca02e5-c536-47a6-8a2a-b50eb6c48279,5f9a80cd-fc01-4ab5-ac69-7e5477019547,mozlog,3.4,,"d7f120df-c44d-493d-9c5e-03e301e05942,0289ba34-8fe7-41db-82e0-49c28b9c2414,fecf595c-3184-47f4-92f9-1a32ab46a8f1",(GNU General Public License v2.0 only OR Mozilla Public License 1.1 OR GNU Lesser General Public License v2.1 only),"RECIPROCAL,WEAK_RECIPROCAL",Exact,,DYNAMICALLY_LINKED,true,LOW,Not In Violation,,2/8/18,,,NOT_REVIEWED,,,sriramabFirefox 53.0.3
,d7548b39-0545-485a-91f7-e910f4a15ceb,bd618fc4-ce58-4b15-b6b1-ce672dcff056,Mako,0.9.1,,ad705c59-6893-4980-bdbf-0837f1823cc4,MIT License,PERMISSIVE,Exact,,DYNAMICALLY_LINKED,true,HIGH,Not In Violation,,2/8/18,,,NOT_REVIEWED,,,sriramabFirefox 53.0.3
,14e8d41a-837d-45e0-8594-a6af2263b062,24ba2796-9803-41d4-902e-833b1eae5199,Closure,20150315,,3d238144-44e6-450e-b523-3defbdaed9dc,"BSD 3-clause ""New"" or ""Revised"" License",PERMISSIVE,Exact,,DYNAMICALLY_LINKED,true,HIGH,Not In Violation,,2/8/18,,,NOT_REVIEWED,,,sriramabFirefox 53.0.3
,878ae24b-766f-4803-af09-85a81ede36d9,cd133574-c225-4f90-b3e5-27689667a226,demangle,1.0.1,,ad705c59-6893-4980-bdbf-0837f1823cc4,MIT License,PERMISSIVE,Exact,,DYNAMICALLY_LINKED,true,OK,Not In Violation,,2/8/18,,,NOT_REVIEWED,,,sriramabFirefox 53.0.3
,bce423c1-f109-430a-bb1d-cb3184a7b4b8,54a2deb7-abfa-4fc5-950f-62a90e4f28ee,ASN.1 library for Python,0.0.5,,3d238144-44e6-450e-b523-3defbdaed9dc,"BSD 3-clause ""New"" or ""Revised"" License",PERMISSIVE,Files Modified,,DYNAMICALLY_LINKED,true,HIGH,Not In Violation,,2/8/18,,,NOT_REVIEWED,,,sriramabFirefox 53.0.3
,733f44aa-0669-41d1-bb63-063e5827fedb,d6a19712-65ab-4086-9937-805ad3a8129a,Closure Compiler,20150315.0.1,,7cae335f-1193-421e-92f1-8802b4243e93,Apache License 2.0,PERMISSIVE,Exact,,DYNAMICALLY_LINKED,true,HIGH,Not In Violation,,2/8/18,,,NOT_REVIEWED,,,sriramabFirefox 53.0.3
,f08576ab-2dd5-4b24-906e-2238fd45607b,c83c5b9a-e00e-4bdf-b304-5bde1e4b7f30,three.js,unknown,,00000000-1000-0000-0000-000000000000,License Not Found,UNKNOWN,Exact,,DYNAMICALLY_LINKED,true,LOW,Not In Violation,,2/8/18,,,NOT_REVIEWED,,,sriramabFirefox 53.0.3
,e5d08dec-99d6-4c23-851e-0933af5c4777,cc52c132-118c-40cf-8da3-5e53bb5b6c38,text-encoding,0.1.0,,7cae335f-1193-421e-92f1-8802b4243e93,Apache License 2.0,PERMISSIVE,Exact,,DYNAMICALLY_LINKED,true,MEDIUM,Not In Violation,,2/8/18,,,NOT_REVIEWED,,,sriramabFirefox 53.0.3
,02f1227b-4836-488d-9505-f7b424c436f8,1980ec2c-d4c9-4082-97b0-216e4c1ca851,Mozilla Firefox,21.0,,ce3dd63e-c569-4cea-986a-46bc5efe9896,Mozilla Public License 2.0,WEAK_RECIPROCAL,Exact,,DYNAMICALLY_LINKED,true,HIGH,Not In Violation,,2/8/18,,,NOT_REVIEWED,,,sriramabFirefox 53.0.3
,f36ae713-e016-4642-a122-c26247fae3a5,7695ecdc-45d9-4171-895e-e9d7463107ee,D3.js,unknown,,3d238144-44e6-450e-b523-3defbdaed9dc,"BSD 3-clause ""New"" or ""Revised"" License",PERMISSIVE,Exact,,DYNAMICALLY_LINKED,true,MEDIUM,Not In Violation,,2/8/18,,,NOT_REVIEWED,,,sriramabFirefox 53.0.3
,da590d31-8f9d-49c5-a0e1-9042f3a4b367,890e56af-9ed3-4fa2-a222-228ec12b87a5,Python programming language,3.3.6,,ead40028-7962-4fc0-9be5-2b956cd4714a,Python License 2.0,PERMISSIVE,Exact,,DYNAMICALLY_LINKED,true,MEDIUM,Not In Violation,,2/8/18,,,NOT_REVIEWED,,,sriramabFirefox 53.0.3
,c060b253-031f-4f84-b94a-1c8df93dd636,e97d8fc5-8948-448d-bfb4-8cc0d8925ae4,deep-diff,0.3.2,,ad705c59-6893-4980-bdbf-0837f1823cc4,MIT License,PERMISSIVE,Exact,,DYNAMICALLY_LINKED,true,MEDIUM,Not In Violation,,2/8/18,,,NOT_REVIEWED,,,sriramabFirefox 53.0.3
,42ac146d-c318-4902-b511-0d6d98bc1213,cd542e5b-b8a3-457b-9452-63606c903277,webrtc-mirror,r6979,,3d238144-44e6-450e-b523-3defbdaed9dc,"BSD 3-clause ""New"" or ""Revised"" License",PERMISSIVE,"Files Added/Deleted,Exact,Files Modified",,DYNAMICALLY_LINKED,true,MEDIUM,Not In Violation,,2/8/18,,,NOT_REVIEWED,,,sriramabFirefox 53.0.3
,47f87a18-d4f5-43c1-9692-63289129d7c4,facf6655-89fc-4457-a78a-8a2f1d523efa,react-virtualized,unknown,,00000000-0010-0000-0000-000000000000,Unknown License,UNKNOWN,Exact,,DYNAMICALLY_LINKED,true,LOW,Not In Violation,,2/8/18,,,NOT_REVIEWED,,,sriramabFirefox 53.0.3
,e0c26cd0-2252-46d5-a9fb-5d23a6bc8805,01ef29d8-70f5-44e9-bc22-192b3926ed52,Selenium,2.35.1,,7cae335f-1193-421e-92f1-8802b4243e93,Apache License 2.0,PERMISSIVE,Exact,,DYNAMICALLY_LINKED,true,HIGH,Not In Violation,,2/8/18,,,NOT_REVIEWED,,,sriramabFirefox 53.0.3
,4a01943d-1e66-4571-8bc4-f6ed5e96e805,19b85d07-8bb1-443b-a490-1f06b24b07a4,@lite-js/xml,0.0.2,,ad705c59-6893-4980-bdbf-0837f1823cc4,MIT License,PERMISSIVE,Exact,,DYNAMICALLY_LINKED,true,OK,Not In Violation,,2/8/18,,,NOT_REVIEWED,,,sriramabFirefox 53.0.3
,06f1b915-598f-41d7-947b-1b6b22c8848a,86fd0589-ea25-413a-af3a-466248f137c4,mozjexl,1.1.4,,ad705c59-6893-4980-bdbf-0837f1823cc4,MIT License,PERMISSIVE,Exact,,DYNAMICALLY_LINKED,true,LOW,Not In Violation,,2/8/18,,,NOT_REVIEWED,,,sriramabFirefox 53.0.3
,76fde5ce-d49d-4015-8827-7fb9dc7b123c,676138fc-aa0f-4849-8e77-6300e2e70e89,Android - platform - external - webrtc,android-7.0.0_r1,,3d238144-44e6-450e-b523-3defbdaed9dc,"BSD 3-clause ""New"" or ""Revised"" License",PERMISSIVE,"Files Added/Deleted,Exact,Files Modified",,DYNAMICALLY_LINKED,true,LOW,Not In Violation,,2/8/18,,,NOT_REVIEWED,,,sriramabFirefox 53.0.3
,c39584f6-a929-404d-b26f-d13acf1f3c8e,aba47102-5398-4163-aab3-173df6e200ee,libvpx,1.6.1,,3d238144-44e6-450e-b523-3defbdaed9dc,"BSD 3-clause ""New"" or ""Revised"" License",PERMISSIVE,"Exact,Files Modified",,DYNAMICALLY_LINKED,true,OK,Not In Violation,,2/8/18,,,NOT_REVIEWED,,,sriramabFirefox 53.0.3
,c5f03c0f-7213-4e83-abb5-cc470fcdb732,210f386b-0d9c-4cd5-b56e-64d089c69c4b,Kerberos,1.12,,51e776f9-d9f5-458b-8942-92f8569ee73c,Krb5-MIT License,PERMISSIVE,Exact,,DYNAMICALLY_LINKED,true,HIGH,Not In Violation,,2/8/18,,,NOT_REVIEWED,,,sriramabFirefox 53.0.3
,45823f12-1b1a-4d82-ab9a-a0a57eefd803,ed9923a0-683e-4234-9be7-6a6fe5474c9b,mozrunner,6.13,,ce3dd63e-c569-4cea-986a-46bc5efe9896,Mozilla Public License 2.0,WEAK_RECIPROCAL,Exact,,DYNAMICALLY_LINKED,true,HIGH,Not In Violation,,2/8/18,,,NOT_REVIEWED,,,sriramabFirefox 53.0.3
,a313589f-1465-40a7-8709-f7a88d97d422,fe814a42-676e-41d5-b3a2-6785e211268e,nss-softokn,3.29.5,,ce3dd63e-c569-4cea-986a-46bc5efe9896,Mozilla Public License 2.0,WEAK_RECIPROCAL,Exact,,DYNAMICALLY_LINKED,true,LOW,Not In Violation,,2/8/18,,,NOT_REVIEWED,,,sriramabFirefox 53.0.3
,e4519f29-73c6-45e3-80b0-e5e8647ed277,e132f7c3-abd0-420f-a203-b90298b1e1fc,jQuery,1.3,,"ad705c59-6893-4980-bdbf-0837f1823cc4,39692bc6-4d1c-4466-a02c-fa6f21170587",(GNU General Public License v2.0 or later OR MIT License),"RECIPROCAL,PERMISSIVE",Exact,,DYNAMICALLY_LINKED,true,HIGH,Not In Violation,,2/8/18,,,NOT_REVIEWED,,,sriramabFirefox 53.0.3
,50b11cf7-bb6c-4d2b-86bd-c4c43548ef76,a7f8a4bd-2584-452e-a3bf-9f9433e63817,py.test,2.9.1,,ad705c59-6893-4980-bdbf-0837f1823cc4,MIT License,PERMISSIVE,Exact,,DYNAMICALLY_LINKED,true,LOW,Not In Violation,,2/8/18,,,NOT_REVIEWED,,,sriramabFirefox 53.0.3
,85d80c5e-6324-4025-b743-7cc09b6eb390,720b346e-40aa-42e2-8c56-a5a744b2ee4a,py-virtualenv,15.0.3,,ad705c59-6893-4980-bdbf-0837f1823cc4,MIT License,PERMISSIVE,Exact,,DYNAMICALLY_LINKED,true,OK,Not In Violation,,2/8/18,,,NOT_REVIEWED,,,sriramabFirefox 53.0.3
,b0631326-afde-4e6a-bd97-b324f1bd9720,596de4a9-b285-4b7f-b682-59960079ba9c,firefox,53.0~b4,,"cb3238d3-5a3e-4506-a6e2-5054a6f07cdf,d7f120df-c44d-493d-9c5e-03e301e05942,39692bc6-4d1c-4466-a02c-fa6f21170587",(GNU General Public License v2.0 or later OR GNU Library General Public License v2 or later OR Mozilla Public License 1.1),"RECIPROCAL,WEAK_RECIPROCAL",Files Modified,,DYNAMICALLY_LINKED,true,LOW,Not In Violation,,2/8/18,,,NOT_REVIEWED,,,sriramabFirefox 53.0.3
,9feb51d3-b736-47fa-a8d5-58cf5ba5e99d,c6c776f5-7b2c-44e0-8d6a-ba706d3977fd,RequireJS,2.1.15,,"3d238144-44e6-450e-b523-3defbdaed9dc,ad705c59-6893-4980-bdbf-0837f1823cc4","(BSD 3-clause ""New"" or ""Revised"" License OR MIT License)",PERMISSIVE,Exact,,DYNAMICALLY_LINKED,true,HIGH,Not In Violation,,2/8/18,,,NOT_REVIEWED,,,sriramabFirefox 53.0.3
,be819255-4aa5-4cbe-bced-a6b0784f1258,818536ce-e8cb-4c0a-81a5-8890705d7cbd,WebGL,master-20141113,,00000000-1000-0000-0000-000000000000,License Not Found,UNKNOWN,"Files Added/Deleted,Exact,Files Modified",,DYNAMICALLY_LINKED,true,LOW,Not In Violation,,2/8/18,,,NOT_REVIEWED,,,sriramabFirefox 53.0.3
,903d89f8-cc31-4930-9b1e-0fbfa12ca943,944ffcf8-156e-4e47-bbdf-5efc6a024a90,gl-conformance,1.0.0,,ad705c59-6893-4980-bdbf-0837f1823cc4,MIT License,PERMISSIVE,Exact,,DYNAMICALLY_LINKED,true,MEDIUM,Not In Violation,,2/8/18,,,NOT_REVIEWED,,,sriramabFirefox 53.0.3
,7792be90-bfd2-42d7-ae19-66e051978675,01b26a6b-8877-4040-b34a-52dee2bab5e7,SeaMonkey,2.49.1,,ce3dd63e-c569-4cea-986a-46bc5efe9896,Mozilla Public License 2.0,WEAK_RECIPROCAL,Exact,,DYNAMICALLY_LINKED,true,OK,Not In Violation,,2/8/18,,,NOT_REVIEWED,,,sriramabFirefox 53.0.3
,7d760e8c-5cf4-436d-994b-c63f55d8657b,0367d00d-1c6d-4ef9-8d1c-f682d64ef521,altgraph,0.12,,ad705c59-6893-4980-bdbf-0837f1823cc4,MIT License,PERMISSIVE,Exact,,DYNAMICALLY_LINKED,true,MEDIUM,Not In Violation,,2/8/18,,,NOT_REVIEWED,,,sriramabFirefox 53.0.3
,b54e935f-ed03-41c2-8699-8dcf47d8dc31,af203e88-baf7-4155-954a-fd6171c7665f,argparse,1.4.0,,b8cfed1f-6eaa-4dde-9792-a4d02f24d917,Python Software Foundation License 2.3,PERMISSIVE,Exact,,DYNAMICALLY_LINKED,true,OK,Not In Violation,,2/8/18,,,NOT_REVIEWED,,,sriramabFirefox 53.0.3
,12a9491e-e19b-4934-a310-d4ea7ef4bca4,e958eb7b-16c3-48ca-a7eb-7e383eb6925d,debugger.html,0.0.7,,ce3dd63e-c569-4cea-986a-46bc5efe9896,Mozilla Public License 2.0,WEAK_RECIPROCAL,Exact,,DYNAMICALLY_LINKED,true,LOW,Not In Violation,,2/8/18,,,NOT_REVIEWED,,,sriramabFirefox 53.0.3
,7aec12f5-6039-4480-9bbd-ff50075958d9,ad2406a7-e8ff-4ddc-a35d-e030dbe735f4,eslint-plugin-mozilla,0.2.28,,ce3dd63e-c569-4cea-986a-46bc5efe9896,Mozilla Public License 2.0,WEAK_RECIPROCAL,Exact,,DYNAMICALLY_LINKED,true,LOW,Not In Violation,,2/8/18,,,NOT_REVIEWED,,,sriramabFirefox 53.0.3
,02f1227b-4836-488d-9505-f7b424c436f8,28909d3e-a820-496b-9faf-f74f6a14f905,Mozilla Firefox,3.0b1,,"d7f120df-c44d-493d-9c5e-03e301e05942,39692bc6-4d1c-4466-a02c-fa6f21170587,cff110eb-f85c-445c-9d3b-00a04b7f4cf0",(GNU General Public License v2.0 or later OR GNU Lesser General Public License v2.1 or later OR Mozilla Public License 1.1),"RECIPROCAL,WEAK_RECIPROCAL","Exact,Files Modified",,DYNAMICALLY_LINKED,true,HIGH,Not In Violation,,2/8/18,,,NOT_REVIEWED,,,sriramabFirefox 53.0.3
,d7ff5a81-7a80-44dd-a02c-95eaba92b427,da35e216-2947-4b2b-9e59-47c1f0d1bcf4,better.js,0.0.8,,ad705c59-6893-4980-bdbf-0837f1823cc4,MIT License,PERMISSIVE,Exact,,DYNAMICALLY_LINKED,true,MEDIUM,Not In Violation,,2/8/18,,,NOT_REVIEWED,,,sriramabFirefox 53.0.3
,02f1227b-4836-488d-9505-f7b424c436f8,9ab5e23f-804f-4603-8b7f-79701768fa13,Mozilla Firefox,10.0.10esr,,ce3dd63e-c569-4cea-986a-46bc5efe9896,Mozilla Public License 2.0,WEAK_RECIPROCAL,Exact,,DYNAMICALLY_LINKED,true,HIGH,Not In Violation,,2/8/18,,,NOT_REVIEWED,,,sriramabFirefox 53.0.3
,d5f5cf09-a565-488f-b10b-f0629fd53230,2a653d7d-6890-46ef-a9d3-2be226d11023,FFmpeg,10.1,,cff110eb-f85c-445c-9d3b-00a04b7f4cf0,GNU Lesser General Public License v2.1 or later,WEAK_RECIPROCAL,Exact,,DYNAMICALLY_LINKED,true,MEDIUM,Not In Violation,,2/8/18,,,NOT_REVIEWED,,,sriramabFirefox 53.0.3
,db80c33d-d4c4-47e7-a3a4-a749eb3b5d74,153ecc0d-30e5-40f5-b098-c5a62def16a8,Breakpad,20170711-snapshot-01431c2f,,3d238144-44e6-450e-b523-3defbdaed9dc,"BSD 3-clause ""New"" or ""Revised"" License",PERMISSIVE,"Exact,Files Modified",,DYNAMICALLY_LINKED,true,OK,Not In Violation,,2/8/18,,,NOT_REVIEWED,,,sriramabFirefox 53.0.3
,7cc62902-42b0-4b79-ac5f-ede9e17d1787,84a2b692-8d9c-41dd-a92c-49b426aae14c,remoteStorage.js,0.9.1-pre,,ad705c59-6893-4980-bdbf-0837f1823cc4,MIT License,PERMISSIVE,Exact,,DYNAMICALLY_LINKED,true,HIGH,Not In Violation,,2/8/18,,,NOT_REVIEWED,,,sriramabFirefox 53.0.3
,8389c312-4587-47ed-8faf-f321b359d3ed,e23f058e-9bd1-4e95-ab00-44de4c12ff94,drupal-client,0.2.0,,00000000-1000-0000-0000-000000000000,License Not Found,UNKNOWN,Exact,,DYNAMICALLY_LINKED,true,LOW,Not In Violation,,2/8/18,,,NOT_REVIEWED,,,sriramabFirefox 53.0.3
,5f626b09-eef7-44a5-8dcc-784c556e92a4,fd449351-f89e-4a54-9033-e014eb326432,jszip,2.2.2,,"ad705c59-6893-4980-bdbf-0837f1823cc4,f80fb9a9-5329-47c2-864d-00ed5cf744bf",(MIT License AND GNU General Public License v3.0 or later),"RECIPROCAL,PERMISSIVE",Exact,,DYNAMICALLY_LINKED,true,HIGH,Not In Violation,,2/8/18,,,NOT_REVIEWED,,,sriramabFirefox 53.0.3
,50b11cf7-bb6c-4d2b-86bd-c4c43548ef76,a168cc69-3c95-4745-8ed7-41d97f5bada0,py.test,2.9.2,,ad705c59-6893-4980-bdbf-0837f1823cc4,MIT License,PERMISSIVE,Exact,,DYNAMICALLY_LINKED,true,LOW,Not In Violation,,2/8/18,,,NOT_REVIEWED,,,sriramabFirefox 53.0.3
,b0631326-afde-4e6a-bd97-b324f1bd9720,18c5e93b-2c5d-4c09-b6d9-9e8ffbbe29c2,firefox,51.0.1,,"cb3238d3-5a3e-4506-a6e2-5054a6f07cdf,d7f120df-c44d-493d-9c5e-03e301e05942,39692bc6-4d1c-4466-a02c-fa6f21170587",(GNU General Public License v2.0 or later OR GNU Library General Public License v2 or later OR Mozilla Public License 1.1),"RECIPROCAL,WEAK_RECIPROCAL","Files Added/Deleted,Files Modified",,DYNAMICALLY_LINKED,true,LOW,Not In Violation,,2/8/18,,,NOT_REVIEWED,,,sriramabFirefox 53.0.3
,f1e4ee85-bb62-445a-b16d-3d37a9b95fc1,934ddca5-b471-45f0-be1c-57cdf196b076,mozprofile,0.29,,ce3dd63e-c569-4cea-986a-46bc5efe9896,Mozilla Public License 2.0,WEAK_RECIPROCAL,Files Modified,,DYNAMICALLY_LINKED,true,OK,Not In Violation,,2/8/18,,,NOT_REVIEWED,,,sriramabFirefox 53.0.3
,f6a3fec0-5bb8-481e-a889-03d481553a9b,d27fe032-a3a5-4794-bc1b-f1ef37f4f873,pgadmin3,4-v1.0,,c47ce6cc-3b8d-4a19-9241-d33eae368aaf,pgAdmin License,PERMISSIVE,Exact,,DYNAMICALLY_LINKED,true,LOW,Not In Violation,,2/8/18,,,NOT_REVIEWED,,,sriramabFirefox 53.0.3
,9e4c5846-a463-4b32-90d0-9cd4232e4ed2,3871da89-b8ec-42d5-ba20-b59b2ada8210,Oracle Application Express - Oracle APEX,5.0.2.00.07,,ac70165c-9b56-49dd-9947-f44836b98c60,Oracle Technology Network Application Express Development and Distribution 05/2009 License,WEAK_RECIPROCAL,Exact,,DYNAMICALLY_LINKED,true,MEDIUM,Not In Violation,,2/8/18,,,NOT_REVIEWED,,,sriramabFirefox 53.0.3
,66933fa1-029f-4e16-a6e4-5863ee70df5c,6559cc8b-d64f-4bf0-b9d9-1310afe9ca47,OpenJDK,8u102-b14,,"cb3238d3-5a3e-4506-a6e2-5054a6f07cdf,7bf4506f-7531-4655-a4bf-e9deb4d2cc8e,9f63ea0e-1486-40ff-844a-1536676b5400,7822bb4b-a324-4185-bd50-dc611473aacf,39692bc6-4d1c-4466-a02c-fa6f21170587,479df888-20b3-4355-90fe-e5a9bf80c5ee,cff110eb-f85c-445c-9d3b-00a04b7f4cf0,b2b0d4b3-d625-418a-aa20-540b7d948e82,728e8092-d99e-4a37-90d3-da7abfa33c6d,b8f49c42-e8bc-4fcf-9134-68ff6b62e5ff,14b0b50b-acd2-4fc8-ac65-3b15f9e58260,892630d3-5a6d-4532-bf1e-018ba8ca0ae3,6852259e-8190-4c09-bed7-4f8522d56a8b,1098086f-c63e-45be-be27-5136a33b8187,c519d181-5bd6-455b-afc6-78690708c468,394cd54e-2263-4005-ac0b-2c080a383d84,db27bccc-d494-40f7-966c-dbc6411431ed,9c5d96e4-5639-4ea9-b17c-dcce18ca7930,cc875133-df38-4806-9921-473e0ef01a87,b19b6b31-7a9c-4cc4-93bf-a8585f34e284,a867fb4a-940d-4140-9d05-46d8a28508d1,fb8f0434-ed23-4df1-b3ac-0baf2e7f9ebf,b02ac8ab-9470-42f6-a9e4-83ac74458121,3d238144-44e6-450e-b523-3defbdaed9dc,cb6510ff-3f4f-4328-97df-7ac9da7db2a7,d26bcb7d-5bc8-4f05-8942-a3a42728a2e4,ad705c59-6893-4980-bdbf-0837f1823cc4,7e566ea3-563f-4cc0-a8eb-f62307e51652,7cae335f-1193-421e-92f1-8802b4243e93,ce3dd63e-c569-4cea-986a-46bc5efe9896","(GLX Public License v. 1 OR ISC License OR GNU Affero General Public License v3.0 OR GNU General Public License v2.0 or later OR BSD 3-clause ""New"" or ""Revised"" License OR X11 License OR libpng License OR Sun GPL With Classpath Exception v2.0 OR BigInteger License OR zlib License OR Apache License 2.0 OR Bitstream Vera Fonts Copyright OR Internet Society - RFC License OR GNU General Public License v1.0 or later OR BSD 4-clause ""Original"" or ""Old"" License OR W3C Software Notice and License (2002-12-31) OR MIT License OR Open Group License OR [base] Historical Permission Notice and Disclaimer (base license) OR Bigelow & Holmes and URW++ GmbH Luxi Font License OR Christian Michelsen Research License OR CID Font Code Public License v. 1.0 OR GNU Library General Public License v2 or later OR NVIDIA License OR BSD 2-clause ""Simplified"" License OR Mozilla Public License 2.0 OR GNU Lesser General Public License v2.1 or later OR Public Domain OR XFree86 License 1.1 OR Sax Public Domain Notice)","RECIPROCAL,RECIPROCAL_AGPL,WEAK_RECIPROCAL,PERMISSIVE",Exact,,DYNAMICALLY_LINKED,true,LOW,Not In Violation,,2/8/18,,,NOT_REVIEWED,,,sriramabFirefox 53.0.3
,bce423c1-f109-430a-bb1d-cb3184a7b4b8,f4c60342-13f3-4eba-8bae-66a7c717f6c6,ASN.1 library for Python,0.1.7,,cc875133-df38-4806-9921-473e0ef01a87,"BSD 2-clause ""Simplified"" License",PERMISSIVE,Exact,,DYNAMICALLY_LINKED,true,HIGH,Not In Violation,,2/8/18,,,NOT_REVIEWED,,,sriramabFirefox 53.0.3
,abb21af2-cb2c-4609-8e86-77fdf4825b1f,14b3fd45-81c8-464d-91da-480590298eb8,microformat-shiv,1.4.0,,ad705c59-6893-4980-bdbf-0837f1823cc4,MIT License,PERMISSIVE,"Exact,Files Modified",,DYNAMICALLY_LINKED,true,LOW,Not In Violation,,2/8/18,,,NOT_REVIEWED,,,sriramabFirefox 53.0.3
,2f4babaa-4ed9-4eae-bb7c-2220878d4b7e,d3c8e9d0-6af0-453f-8f38-76b48803c48c,webidl2.js,2.0.4,,00000000-0010-0000-0000-000000000000,Unknown License,UNKNOWN,Exact,,DYNAMICALLY_LINKED,true,HIGH,Not In Violation,,2/8/18,,,NOT_REVIEWED,,,sriramabFirefox 53.0.3
,908397cc-7d56-4c88-92f0-665b559cb12a,23194d7e-d0e7-45c6-87d6-981518044942,SDK Manager,0.10.0,,7cae335f-1193-421e-92f1-8802b4243e93,Apache License 2.0,PERMISSIVE,Files Modified,,DYNAMICALLY_LINKED,true,LOW,Not In Violation,,2/8/18,,,NOT_REVIEWED,,,sriramabFirefox 53.0.3
,caf44de8-d30f-417a-a77c-6b7e3ee2bfc9,2771e2ac-94ca-4547-b172-a3543a8a2fcf,VirtueMart,3.2.2,,39692bc6-4d1c-4466-a02c-fa6f21170587,GNU General Public License v2.0 or later,RECIPROCAL,Exact,,DYNAMICALLY_LINKED,true,LOW,Not In Violation,,2/8/18,,,NOT_REVIEWED,,,sriramabFirefox 53.0.3
,c3265492-26a3-46ad-878f-0173f6f4de7d,6cce1995-0ca5-4b87-b438-7de23a0e2ef1,json-simple,1.1-dfsg1,,7cae335f-1193-421e-92f1-8802b4243e93,Apache License 2.0,PERMISSIVE,Files Modified,,DYNAMICALLY_LINKED,true,HIGH,Not In Violation,,2/8/18,,,NOT_REVIEWED,,,sriramabFirefox 53.0.3
,e4519f29-73c6-45e3-80b0-e5e8647ed277,a01fefb9-653e-4643-af3a-8cff2b7a0545,jQuery,1.4.2,,ad705c59-6893-4980-bdbf-0837f1823cc4,MIT License,PERMISSIVE,Exact,,DYNAMICALLY_LINKED,true,HIGH,Not In Violation,,2/8/18,,,NOT_REVIEWED,,,sriramabFirefox 53.0.3
,66a571bb-0947-4c43-81c2-76dd652c5140,d8726c4d-142a-4b87-9414-08ae051e51ff,python3-rsa,3.1.4,,7cae335f-1193-421e-92f1-8802b4243e93,Apache License 2.0,PERMISSIVE,Exact,,DYNAMICALLY_LINKED,true,MEDIUM,Not In Violation,,2/8/18,,,NOT_REVIEWED,,,sriramabFirefox 53.0.3
,4d61314d-bde7-41a2-af1b-daea1d8c23b2,acca6fe8-707f-472a-ae54-25fe70236318,jsdom,10.0.0,,ad705c59-6893-4980-bdbf-0837f1823cc4,MIT License,PERMISSIVE,Exact,,DYNAMICALLY_LINKED,true,LOW,Not In Violation,,2/8/18,,,NOT_REVIEWED,,,sriramabFirefox 53.0.3
,d53ed5ab-d59e-44a1-908f-64ea99798cc4,0710a194-efe1-4e62-8dbe-7e1d178ac980,opus codec,1.1.5,,3d238144-44e6-450e-b523-3defbdaed9dc,"BSD 3-clause ""New"" or ""Revised"" License",PERMISSIVE,"Exact,Files Modified",,DYNAMICALLY_LINKED,true,LOW,Not In Violation,,2/8/18,,,NOT_REVIEWED,,,sriramabFirefox 53.0.3
,f29d7a84-5335-485e-9fbf-ef2712269220,a7492a6b-f76d-4361-ad3d-4cf7106bae7a,Android - platform - external - libyuv,android-7.1.0_r1,,3d238144-44e6-450e-b523-3defbdaed9dc,"BSD 3-clause ""New"" or ""Revised"" License",PERMISSIVE,Exact,,DYNAMICALLY_LINKED,true,LOW,Not In Violation,,2/8/18,,,NOT_REVIEWED,,,sriramabFirefox 53.0.3
,3f13c0ed-9889-406a-91fd-3695b1a597a4,298b4feb-ced2-4f4f-8c79-fbd2b96d6bb4,pkijs,1.3.11,,3d238144-44e6-450e-b523-3defbdaed9dc,"BSD 3-clause ""New"" or ""Revised"" License",PERMISSIVE,Exact,,DYNAMICALLY_LINKED,true,LOW,Not In Violation,,2/8/18,,,NOT_REVIEWED,,,sriramabFirefox 53.0.3
,2dedd3bc-beca-4bc8-97a7-2c7fce3bdb25,5020771f-8760-4ec1-b8f1-51066aa8b88d,jpm,1.0.5,,ce3dd63e-c569-4cea-986a-46bc5efe9896,Mozilla Public License 2.0,WEAK_RECIPROCAL,Exact,,DYNAMICALLY_LINKED,true,MEDIUM,Not In Violation,,2/8/18,,,NOT_REVIEWED,,,sriramabFirefox 53.0.3
,d769d4e9-5304-4687-9fc5-823dda8149ea,791deb55-3000-4abe-beff-8b38b127471b,Android - platform - external - chromium_org - testing - gtest,android-5.0.0_r1,,3d238144-44e6-450e-b523-3defbdaed9dc,"BSD 3-clause ""New"" or ""Revised"" License",PERMISSIVE,Files Modified,,DYNAMICALLY_LINKED,true,MEDIUM,Not In Violation,,2/8/18,,,NOT_REVIEWED,,,sriramabFirefox 53.0.3
,a9f9dff6-7eaf-4e6d-ae54-72a3ea9b781a,295650e9-1dc3-4669-b7a8-0e9edc0f1b7d,Android - platform - frameworks - base,android-7.0.0_r1,,7cae335f-1193-421e-92f1-8802b4243e93,Apache License 2.0,PERMISSIVE,Exact,,DYNAMICALLY_LINKED,true,LOW,Not In Violation,,2/8/18,,,NOT_REVIEWED,,,sriramabFirefox 53.0.3
,112a4ce3-ad8a-46cf-bf1e-413b67f602ac,50807f78-e760-4bbb-8943-e143dc485ea7,gyp,0.1,,3d238144-44e6-450e-b523-3defbdaed9dc,"BSD 3-clause ""New"" or ""Revised"" License",PERMISSIVE,"Exact,Files Modified",,DYNAMICALLY_LINKED,true,OK,Not In Violation,,2/8/18,,,NOT_REVIEWED,,,sriramabFirefox 53.0.3
,ca433569-ea2e-4c78-b53d-106843ec1f58,b24e0d79-8360-4298-9416-2033add64d73,Apache HttpComponents Core,4.3.1,,7cae335f-1193-421e-92f1-8802b4243e93,Apache License 2.0,PERMISSIVE,Files Modified,,DYNAMICALLY_LINKED,true,HIGH,Not In Violation,,2/8/18,,,NOT_REVIEWED,,,sriramabFirefox 53.0.3
,e34ad529-cdea-4138-ad8f-a9f3563d2daa,32fc1fe4-c1bc-485b-bb13-c5e5de933f30,rich-filemanager,2.6.1,,ad705c59-6893-4980-bdbf-0837f1823cc4,MIT License,PERMISSIVE,Exact,,DYNAMICALLY_LINKED,true,LOW,Not In Violation,,2/8/18,,,NOT_REVIEWED,,,sriramabFirefox 53.0.3
,eca46c0e-c4fd-46e2-9187-fa6b877e7a1b,9c8194c4-bd88-40d2-8f00-db9a754ebec7,Mozilla Releng All,20150908-snapshot-c0de097a,,ce3dd63e-c569-4cea-986a-46bc5efe9896,Mozilla Public License 2.0,WEAK_RECIPROCAL,"Exact,Exact,Files Modified",,DYNAMICALLY_LINKED,true,MEDIUM,Not In Violation,,2/8/18,,,NOT_REVIEWED,,,sriramabFirefox 53.0.3
,e4519f29-73c6-45e3-80b0-e5e8647ed277,c9756b91-c82e-44e7-842f-1e1f9fc327a2,jQuery,2.1.1,,ad705c59-6893-4980-bdbf-0837f1823cc4,MIT License,PERMISSIVE,Exact,,DYNAMICALLY_LINKED,true,MEDIUM,Not In Violation,,2/8/18,,,NOT_REVIEWED,,,sriramabFirefox 53.0.3
,9878504a-4cf1-4c4e-af10-5839f9bdddda,91ce39aa-ae68-4fe3-ab39-cc44a93921a8,react-router,4.0.0-beta.6,,ad705c59-6893-4980-bdbf-0837f1823cc4,MIT License,PERMISSIVE,Exact,,DYNAMICALLY_LINKED,true,LOW,Not In Violation,,2/8/18,,,NOT_REVIEWED,,,sriramabFirefox 53.0.3
,cd9f8419-7d43-49a7-a377-4853ae0a5796,9b57860c-9d3d-4c89-857d-869cfde650e6,Underscore.js,0.5.5,,ad705c59-6893-4980-bdbf-0837f1823cc4,MIT License,PERMISSIVE,Exact,,DYNAMICALLY_LINKED,true,HIGH,Not In Violation,,2/8/18,,,NOT_REVIEWED,,,sriramabFirefox 53.0.3
,5345ca36-8f03-4147-852d-1cce55770124,f28cef16-e11d-451d-845d-39e60bf36a01,python-ceilometerclient,1.0.10,,7cae335f-1193-421e-92f1-8802b4243e93,Apache License 2.0,PERMISSIVE,Exact,,DYNAMICALLY_LINKED,true,MEDIUM,Not In Violation,,2/8/18,,,NOT_REVIEWED,,,sriramabFirefox 53.0.3
,1dd30afc-69b6-450f-b52f-f7c757fef842,951ec06e-b6ec-4fdc-98d7-b2550252a14a,FindBugs jsr305,1.3.9,,7cae335f-1193-421e-92f1-8802b4243e93,Apache License 2.0,PERMISSIVE,Exact,,DYNAMICALLY_LINKED,true,HIGH,Not In Violation,,2/8/18,,,NOT_REVIEWED,,,sriramabFirefox 53.0.3
,2f4babaa-4ed9-4eae-bb7c-2220878d4b7e,658bb566-1866-4bea-badd-559816afa570,webidl2.js,2.0.11,,ad705c59-6893-4980-bdbf-0837f1823cc4,MIT License,PERMISSIVE,"Files Added/Deleted,Exact,Exact",,DYNAMICALLY_LINKED,true,MEDIUM,Not In Violation,,2/8/18,,,NOT_REVIEWED,,,sriramabFirefox 53.0.3
,aa50bd26-e494-4ec9-a34e-0c501ce68bdc,228b39d3-b55d-4916-8de7-4c1039e0ef16,Apache HttpComponents Client,4.3.6,,7cae335f-1193-421e-92f1-8802b4243e93,Apache License 2.0,PERMISSIVE,Files Modified,,DYNAMICALLY_LINKED,true,MEDIUM,Not In Violation,,2/8/18,,,NOT_REVIEWED,,,sriramabFirefox 53.0.3
,acda00ae-8f01-4e61-8af9-1d65b2aff137,52dd628c-1675-4ee0-ba55-523d4efb957a,DataONE,20170228-snapshot-7f656187,,00000000-1000-0000-0000-000000000000,License Not Found,UNKNOWN,Exact,,DYNAMICALLY_LINKED,true,LOW,Not In Violation,,2/8/18,,,NOT_REVIEWED,,,sriramabFirefox 53.0.3
,83b9f734-feee-4c7f-94f0-1c168fbecb9a,31442e47-7836-456f-a898-5a7a0178766a,pywebsocket,0.8,,3d238144-44e6-450e-b523-3defbdaed9dc,"BSD 3-clause ""New"" or ""Revised"" License",PERMISSIVE,Exact,,DYNAMICALLY_LINKED,true,HIGH,Not In Violation,,2/8/18,,,NOT_REVIEWED,,,sriramabFirefox 53.0.3
,de8aa6f0-d9bd-48a4-ac49-f0abc04f1b6c,95627663-cd9f-4642-8ea8-bd7af9f9b9b2,comet-dev,0.3.5,,14b0b50b-acd2-4fc8-ac65-3b15f9e58260,ISC License,PERMISSIVE,Exact,,DYNAMICALLY_LINKED,true,OK,Not In Violation,,2/8/18,,,NOT_REVIEWED,,,sriramabFirefox 53.0.3
,60d94529-7300-42be-8471-a7685a5f4b50,e694a9e1-5024-412c-b612-086156a0d472,Sphinx-Python Documentation Generator,1.2.1,,cc875133-df38-4806-9921-473e0ef01a87,"BSD 2-clause ""Simplified"" License",PERMISSIVE,Exact,,DYNAMICALLY_LINKED,true,HIGH,Not In Violation,,2/8/18,,,NOT_REVIEWED,,,sriramabFirefox 53.0.3
,e4519f29-73c6-45e3-80b0-e5e8647ed277,39afcf81-6a09-4189-92d1-0d15527f5415,jQuery,1.2.3,,"ad705c59-6893-4980-bdbf-0837f1823cc4,39692bc6-4d1c-4466-a02c-fa6f21170587",(GNU General Public License v2.0 or later AND MIT License),"RECIPROCAL,PERMISSIVE",Exact,,DYNAMICALLY_LINKED,true,HIGH,Not In Violation,,2/8/18,,,NOT_REVIEWED,,,sriramabFirefox 53.0.3
,7d59fbda-ea9f-46f0-8d45-22a1506dd30c,be8b616b-578c-43fc-add5-3d12f5e60ef7,Jython,2.7.1b3,,afad3f04-5597-4c94-823c-54b7a5f3db6a,Jython License,PERMISSIVE,Exact,,DYNAMICALLY_LINKED,true,MEDIUM,Not In Violation,,2/8/18,,,NOT_REVIEWED,,,sriramabFirefox 53.0.3
,38564625-0d1d-4de4-9b7f-a121886b2a64,28175f4b-2091-45f8-b381-0b29069ad5af,mozprocess,0.25,,ce3dd63e-c569-4cea-986a-46bc5efe9896,Mozilla Public License 2.0,WEAK_RECIPROCAL,Exact,,DYNAMICALLY_LINKED,true,OK,Not In Violation,,2/8/18,,,NOT_REVIEWED,,,sriramabFirefox 53.0.3
,72b5d8b8-b7c2-48a4-9006-845241c2d6d8,446f3497-6ef7-404b-ab61-28f5802efad0,xul-ext-lightbeam,1.3.0+dfsg,,ce3dd63e-c569-4cea-986a-46bc5efe9896,Mozilla Public License 2.0,WEAK_RECIPROCAL,"Files Added/Deleted,Exact",,DYNAMICALLY_LINKED,true,OK,Not In Violation,,2/8/18,,,NOT_REVIEWED,,,sriramabFirefox 53.0.3
,0da99762-1b11-4524-9de7-2bb8df1f719c,387eaf91-ee9e-4634-b272-0c8bb2694934,FeedTools,0.2.29+dfsg1,,ad705c59-6893-4980-bdbf-0837f1823cc4,MIT License,PERMISSIVE,Exact,,DYNAMICALLY_LINKED,true,HIGH,Not In Violation,,2/8/18,,,NOT_REVIEWED,,,sriramabFirefox 53.0.3
,d32d3c01-d906-46d8-ba63-60bc1c03acf2,eaf40286-4772-4fe5-b147-dc40aa32afd5,mozjs52,52.2.1,,00000000-0010-0000-0000-000000000000,Unknown License,UNKNOWN,"Exact,Files Modified",,DYNAMICALLY_LINKED,true,LOW,Not In Violation,,2/8/18,,,NOT_REVIEWED,,,sriramabFirefox 53.0.3
,351f2b1e-2700-4776-b51d-fedc944a050c,bfd0c75d-f723-440a-b5b8-1060de2c9919,mozilla,1.7.8,,ce3dd63e-c569-4cea-986a-46bc5efe9896,Mozilla Public License 2.0,WEAK_RECIPROCAL,Exact,,DYNAMICALLY_LINKED,true,HIGH,Not In Violation,,2/8/18,,,NOT_REVIEWED,,,sriramabFirefox 53.0.3
,e4519f29-73c6-45e3-80b0-e5e8647ed277,4c7d4b2e-082e-461f-a27b-c3ba3908edb8,jQuery,1.8.3,,ad705c59-6893-4980-bdbf-0837f1823cc4,MIT License,PERMISSIVE,Exact,,DYNAMICALLY_LINKED,true,HIGH,Not In Violation,,2/8/18,,,NOT_REVIEWED,,,sriramabFirefox 53.0.3
,2f7423db-8be5-4756-8f7b-b5daeeaf3b25,e0e7c32a-ef66-4d19-a26a-6dc4bc341016,nspr,4.13.1,,ce3dd63e-c569-4cea-986a-46bc5efe9896,Mozilla Public License 2.0,WEAK_RECIPROCAL,Exact,,DYNAMICALLY_LINKED,true,LOW,Not In Violation,,2/8/18,,,NOT_REVIEWED,,,sriramabFirefox 53.0.3
,e4519f29-73c6-45e3-80b0-e5e8647ed277,43343719-b598-4948-93ee-a0e2b149d1e5,jQuery,1.4.0,,"ad705c59-6893-4980-bdbf-0837f1823cc4,39692bc6-4d1c-4466-a02c-fa6f21170587",(GNU General Public License v2.0 or later OR MIT License),"RECIPROCAL,PERMISSIVE",Exact,,DYNAMICALLY_LINKED,true,HIGH,Not In Violation,,2/8/18,,,NOT_REVIEWED,,,sriramabFirefox 53.0.3
,99621289-f24a-41d5-a530-384150d5253b,3c5fa240-c0d5-45cb-8c2f-36fd5a9c505f,BabelJs,unknown,,ad705c59-6893-4980-bdbf-0837f1823cc4,MIT License,PERMISSIVE,Exact,,DYNAMICALLY_LINKED,true,MEDIUM,Not In Violation,,2/8/18,,,NOT_REVIEWED,,,sriramabFirefox 53.0.3
,311cd3ac-8ee5-4020-af4d-ac4aa070b4fa,1bf3939b-a110-47f7-ae87-40396d97fe25,Visionmedia Debug,2008,,3d238144-44e6-450e-b523-3defbdaed9dc,"BSD 3-clause ""New"" or ""Revised"" License",PERMISSIVE,Exact,,DYNAMICALLY_LINKED,true,LOW,Not In Violation,,2/8/18,,,NOT_REVIEWED,,,sriramabFirefox 53.0.3
,f04060df-1b61-4e4b-bc68-12d50bce7717,420b431c-ffac-4bb9-8d14-03fe94d65662,Kali Linux,debian/2.2.1-1kali0,,"3d238144-44e6-450e-b523-3defbdaed9dc,bf913382-7596-42ad-8385-2f49fa655362,f80fb9a9-5329-47c2-864d-00ed5cf744bf,39692bc6-4d1c-4466-a02c-fa6f21170587,7cae335f-1193-421e-92f1-8802b4243e93,0d22d54d-3f73-4133-9f15-e84e50b22d0c,cff110eb-f85c-445c-9d3b-00a04b7f4cf0","(Artistic License 1.0 (Perl) AND GNU General Public License v2.0 or later AND BSD 3-clause ""New"" or ""Revised"" License AND Apache License 2.0 AND GNU Lesser General Public License v3.0 or later AND GNU Lesser General Public License v2.1 or later AND GNU General Public License v3.0 or later)","RECIPROCAL,WEAK_RECIPROCAL,PERMISSIVE",Exact,,DYNAMICALLY_LINKED,true,HIGH,Not In Violation,,2/8/18,,,NOT_REVIEWED,,,sriramabFirefox 53.0.3
,e4519f29-73c6-45e3-80b0-e5e8647ed277,7a25e428-b068-4222-a68a-48854d289eb7,jQuery,1.6.0,,"ad705c59-6893-4980-bdbf-0837f1823cc4,39692bc6-4d1c-4466-a02c-fa6f21170587",(GNU General Public License v2.0 or later OR MIT License),"RECIPROCAL,PERMISSIVE",Exact,,DYNAMICALLY_LINKED,true,HIGH,Not In Violation,,2/8/18,,,NOT_REVIEWED,,,sriramabFirefox 53.0.3
,55681258-4ac0-4ef1-b6c2-1bc1c77de0d3,af158e2f-6db4-48f8-9e4e-0d0be77d0e26,pocketsphinx,0.0.3,,3d238144-44e6-450e-b523-3defbdaed9dc,"BSD 3-clause ""New"" or ""Revised"" License",PERMISSIVE,"Exact,Files Modified",,DYNAMICALLY_LINKED,true,MEDIUM,Not In Violation,,2/8/18,,,NOT_REVIEWED,,,sriramabFirefox 53.0.3
,e6f11d26-cab7-402a-953c-60f539f02289,153dbf6a-84da-4691-94ed-3c45377c3cd4,seeds-base,14.0.1,,7cae335f-1193-421e-92f1-8802b4243e93,Apache License 2.0,PERMISSIVE,Exact,,DYNAMICALLY_LINKED,true,MEDIUM,Not In Violation,,2/8/18,,,NOT_REVIEWED,,,sriramabFirefox 53.0.3
,ef0e7e5b-4388-46cd-85c6-6cbf1ec04636,14918f92-d577-452f-a1c3-071fa2b3a88b,babel-standalone,6.21.0,,ad705c59-6893-4980-bdbf-0837f1823cc4,MIT License,PERMISSIVE,Exact,,DYNAMICALLY_LINKED,true,LOW,Not In Violation,,2/8/18,,,NOT_REVIEWED,,,sriramabFirefox 53.0.3
,02f1227b-4836-488d-9505-f7b424c436f8,3836f01a-fa76-4591-9326-2bd432d70b61,Mozilla Firefox,24.2.0,,d7f120df-c44d-493d-9c5e-03e301e05942,Mozilla Public License 1.1,WEAK_RECIPROCAL,Exact,,DYNAMICALLY_LINKED,true,HIGH,Not In Violation,,2/8/18,,,NOT_REVIEWED,,,sriramabFirefox 53.0.3
,c4b013ef-a5ee-47ea-8a1e-29d9d695614a,e6918e47-a870-406b-9f94-7d9715b7eb69,Kodi,13.1-Gotham,,39692bc6-4d1c-4466-a02c-fa6f21170587,GNU General Public License v2.0 or later,RECIPROCAL,Exact,,DYNAMICALLY_LINKED,true,MEDIUM,Not In Violation,,2/8/18,,,NOT_REVIEWED,,,sriramabFirefox 53.0.3
,347d6099-8b79-4397-8d5d-5d7a7c229a84,ebce7fe2-f066-453c-b8d5-4f5701e6baa0,Intl.js,0.0.1,,ad705c59-6893-4980-bdbf-0837f1823cc4,MIT License,PERMISSIVE,Exact,,DYNAMICALLY_LINKED,true,HIGH,Not In Violation,,2/8/18,,,NOT_REVIEWED,,,sriramabFirefox 53.0.3
,d32d3c01-d906-46d8-ba63-60bc1c03acf2,de6587a6-ce7e-4ca8-a7f3-b903bac9f86b,mozjs52,52.3.1,,00000000-0010-0000-0000-000000000000,Unknown License,UNKNOWN,"Files Added/Deleted,Files Modified",,DYNAMICALLY_LINKED,true,LOW,Not In Violation,,2/8/18,,,NOT_REVIEWED,,,sriramabFirefox 53.0.3
,1c933da7-926d-4180-b358-2128481b462a,85a30b49-05ad-443a-bda6-92fd1097a06d,Mozilla Add-on SDK,1.17b1,,ce3dd63e-c569-4cea-986a-46bc5efe9896,Mozilla Public License 2.0,WEAK_RECIPROCAL,"Exact,Files Modified",,DYNAMICALLY_LINKED,true,HIGH,Not In Violation,,2/8/18,,,NOT_REVIEWED,,,sriramabFirefox 53.0.3
,7d43d4ac-bc45-4d39-81da-913231606976,cc21fadd-ce1a-44bf-ae0d-6e91570273c7,Debian Multimedia,9.11,,00000000-0010-0000-0000-000000000000,Unknown License,UNKNOWN,Exact,,DYNAMICALLY_LINKED,true,MEDIUM,Not In Violation,,2/8/18,,,NOT_REVIEWED,,,sriramabFirefox 53.0.3
,f35f8f0d-a67f-42a5-9010-b9fc6fe1919f,f985031e-7b43-45fd-9601-51dbbe3173ea,Ext JS,2.2,,"521cff06-c1be-4895-b5c8-accdf15238b6,174aa349-58a0-4f0f-98aa-7fcd84ae11bd",(Ext JS Commercial License OR Ext Exception to GPL 3.0 for Applications),"RECIPROCAL,PERMISSIVE",Exact,,DYNAMICALLY_LINKED,true,HIGH,Not In Violation,,2/8/18,,,NOT_REVIEWED,,,sriramabFirefox 53.0.3
,02f1227b-4836-488d-9505-f7b424c436f8,56d86787-08e5-4103-9993-30bb5223f24c,Mozilla Firefox,22.0,,ce3dd63e-c569-4cea-986a-46bc5efe9896,Mozilla Public License 2.0,WEAK_RECIPROCAL,Exact,,DYNAMICALLY_LINKED,true,HIGH,Not In Violation,,2/8/18,,,NOT_REVIEWED,,,sriramabFirefox 53.0.3
,f36ae713-e016-4642-a122-c26247fae3a5,8db3425e-91cf-4b52-86ab-6d7a4f3efcf5,D3.js,3.4.2,,3d238144-44e6-450e-b523-3defbdaed9dc,"BSD 3-clause ""New"" or ""Revised"" License",PERMISSIVE,Exact,,DYNAMICALLY_LINKED,true,MEDIUM,Not In Violation,,2/8/18,,,NOT_REVIEWED,,,sriramabFirefox 53.0.3
,36f2de81-9dc0-4d87-92a0-a3fce5d6ee5e,e42a8790-1715-4eb2-921e-c762eaa526bb,usertiming,0.1.6,,ad705c59-6893-4980-bdbf-0837f1823cc4,MIT License,PERMISSIVE,Exact,,DYNAMICALLY_LINKED,true,LOW,Not In Violation,,2/8/18,,,NOT_REVIEWED,,,sriramabFirefox 53.0.3
,5fac2b94-74de-4f35-99dc-3235483ef5d4,641bcdb8-3831-4ba8-bbcb-78e8fe0d1d47,macholib,1.7,,ad705c59-6893-4980-bdbf-0837f1823cc4,MIT License,PERMISSIVE,Exact,,DYNAMICALLY_LINKED,true,HIGH,Not In Violation,,2/8/18,,,NOT_REVIEWED,,,sriramabFirefox 53.0.3
,f375810d-0d8b-47fc-af2e-c8b60df701ce,761c551a-3049-4ac6-a8cb-74c3981ad569,devtools-reps,0.0.5,,14b0b50b-acd2-4fc8-ac65-3b15f9e58260,ISC License,PERMISSIVE,Exact,,DYNAMICALLY_LINKED,true,LOW,Not In Violation,,2/8/18,,,NOT_REVIEWED,,,sriramabFirefox 53.0.3
,c54b21a0-883a-4a09-a0c9-c40a5710e770,2742b03e-3ed7-41ce-8e08-1b06e1670ad6,JSON-CPP,1.7.7,,ad705c59-6893-4980-bdbf-0837f1823cc4,MIT License,PERMISSIVE,Exact,,DYNAMICALLY_LINKED,true,LOW,Not In Violation,,2/8/18,,,NOT_REVIEWED,,,sriramabFirefox 53.0.3
,ca4d28e1-3b02-439b-ae2a-acfea97b6055,806e6913-8936-4048-bae4-780439a1a05c,high5,1.0.0,,3d238144-44e6-450e-b523-3defbdaed9dc,"BSD 3-clause ""New"" or ""Revised"" License",PERMISSIVE,Exact,,DYNAMICALLY_LINKED,true,OK,Not In Violation,,2/8/18,,,NOT_REVIEWED,,,sriramabFirefox 53.0.3
,80734c31-fd2b-4043-a066-9377bc2b45f7,0f0c2293-1248-4db9-9c91-e8f4e21539e7,zlib,1.2.8,,7bf4506f-7531-4655-a4bf-e9deb4d2cc8e,zlib License,PERMISSIVE,"Files Added/Deleted,Exact",,DYNAMICALLY_LINKED,true,HIGH,Not In Violation,,2/8/18,,,NOT_REVIEWED,,,sriramabFirefox 53.0.3
,4ba554fb-83b2-4d8b-9c2a-58f06cb2a974,e0162bba-2f74-45c0-b49d-deded0241b65,react-dom-future,15.4.1,,c08ce128-5a2f-4d9f-b73d-89702e142efd,Facebook BSD License with Patent Provision,PERMISSIVE,Exact,,DYNAMICALLY_LINKED,true,OK,Not In Violation,,2/8/18,,,NOT_REVIEWED,,,sriramabFirefox 53.0.3
,09b302ca-f1a1-4a5f-b8a0-dbf02fc73f1f,f25fc0b9-4685-4104-8421-a6127e095090,brotli,v0.4.0,,ad705c59-6893-4980-bdbf-0837f1823cc4,MIT License,PERMISSIVE,Exact,,DYNAMICALLY_LINKED,true,LOW,Not In Violation,,2/8/18,,,NOT_REVIEWED,,,sriramabFirefox 53.0.3
,351f2b1e-2700-4776-b51d-fedc944a050c,229a19c6-1baf-4079-84ab-c311f89c3924,mozilla,38.3.0,,ce3dd63e-c569-4cea-986a-46bc5efe9896,Mozilla Public License 2.0,WEAK_RECIPROCAL,"Files Added/Deleted,Exact,Files Modified",,DYNAMICALLY_LINKED,true,MEDIUM,Not In Violation,,2/8/18,,,NOT_REVIEWED,,,sriramabFirefox 53.0.3
,5cdecf65-23be-4db8-aad8-7bab2e583cba,69b819c2-fcfb-4ce0-bf14-36184000ccfc,Taringa! sin Perdidas,1_4_2,,00000000-0010-0000-0000-000000000000,Unknown License,UNKNOWN,Exact,,DYNAMICALLY_LINKED,true,OK,Not In Violation,,2/8/18,,,NOT_REVIEWED,,,sriramabFirefox 53.0.3
,2eb2781d-f775-41b6-be45-b19598015f70,be3f700f-3779-48ec-a5ed-4d4e4a0bbcff,Qt,5.9.0,,"bf913382-7596-42ad-8385-2f49fa655362,8fb456cc-8c55-4120-8676-8e3baa90c415,40408cbc-0485-412c-85a1-e7cfbcf10d21,db998697-fe95-48b6-afb5-891237c7afc2",(Nokia Qt LGPL 2.1 Exception 1.1 License OR Alternative Commercial License Available OR GNU Lesser General Public License v3.0 or later OR Nokia Qt Exception to GPL 3.0 License),"RECIPROCAL,WEAK_RECIPROCAL,PERMISSIVE",Exact,,DYNAMICALLY_LINKED,true,LOW,Not In Violation,,2/8/18,,,NOT_REVIEWED,,,sriramabFirefox 53.0.3
,dc3dee66-4939-4dea-b22f-ead288b4f117,b6a80dfd-605f-4e39-9549-a238e0e02d07,Apache Commons Codec,1.5,,7cae335f-1193-421e-92f1-8802b4243e93,Apache License 2.0,PERMISSIVE,Files Modified,,DYNAMICALLY_LINKED,true,HIGH,Not In Violation,,2/8/18,,,NOT_REVIEWED,,,sriramabFirefox 53.0.3
,7af0aee7-b940-44c7-af1a-02a669114a9b,14a1ca90-81b9-421a-9d00-0a15b83e075b,firefox_puppeteer,52.1.0,,ce3dd63e-c569-4cea-986a-46bc5efe9896,Mozilla Public License 2.0,WEAK_RECIPROCAL,Files Modified,,DYNAMICALLY_LINKED,true,OK,Not In Violation,,2/8/18,,,NOT_REVIEWED,,,sriramabFirefox 53.0.3
,81eede57-3a4e-4cf4-aa81-9a718071786e,90112c66-7731-44ff-9b10-2853eedcd10d,python-py,1.4.31,,"d26bcb7d-5bc8-4f05-8942-a3a42728a2e4,ad705c59-6893-4980-bdbf-0837f1823cc4",(MIT License AND Public Domain),PERMISSIVE,Exact,,DYNAMICALLY_LINKED,true,MEDIUM,Not In Violation,,2/8/18,,,NOT_REVIEWED,,,sriramabFirefox 53.0.3
,0cc2b898-3036-44a2-92f9-8fcd40199ca9,44cd8984-5ba7-4317-b44a-3660671c7452,router3,0.0.2,,14b0b50b-acd2-4fc8-ac65-3b15f9e58260,ISC License,PERMISSIVE,"Exact,Exact",,DYNAMICALLY_LINKED,true,LOW,Not In Violation,,2/8/18,,,NOT_REVIEWED,,,sriramabFirefox 53.0.3
,8b3b433e-ce2c-449a-bc15-822882e5c668,648003aa-c281-401b-b70f-54eca4ef0302,mozilla-lightbeam,1.3.1,,"3d238144-44e6-450e-b523-3defbdaed9dc,ad705c59-6893-4980-bdbf-0837f1823cc4,7cae335f-1193-421e-92f1-8802b4243e93,a2b22d60-6069-4170-9c9c-12fa97565fa6,ce3dd63e-c569-4cea-986a-46bc5efe9896","(BSD 3-clause ""New"" or ""Revised"" License AND Apache License 2.0 AND SIL Open Font License 1.1 AND MIT License AND Mozilla Public License 2.0)","WEAK_RECIPROCAL,PERMISSIVE","Files Added/Deleted,Exact",,DYNAMICALLY_LINKED,true,LOW,Not In Violation,,2/8/18,,,NOT_REVIEWED,,,sriramabFirefox 53.0.3
,7d59fbda-ea9f-46f0-8d45-22a1506dd30c,a2e9a3aa-da0d-4d75-b3fa-719a27349e9f,Jython,2.7.1,,afad3f04-5597-4c94-823c-54b7a5f3db6a,Jython License,PERMISSIVE,Exact,,DYNAMICALLY_LINKED,true,LOW,Not In Violation,,2/8/18,,,NOT_REVIEWED,,,sriramabFirefox 53.0.3
,94002150-3b60-45f6-b719-de49c7e6044e,e258898e-d572-494e-ad02-81476cdac2c6,CKEditor-CodeMirror-Plugin,v1.14,,ad705c59-6893-4980-bdbf-0837f1823cc4,MIT License,PERMISSIVE,Exact,,DYNAMICALLY_LINKED,true,HIGH,Not In Violation,,2/8/18,,,NOT_REVIEWED,,,sriramabFirefox 53.0.3
,42859e3b-a35d-497b-9ff6-52816ae6917d,f4f04822-6120-4e58-b8a8-07fca2c0298e,CodeMirror,5.16.0,,ad705c59-6893-4980-bdbf-0837f1823cc4,MIT License,PERMISSIVE,Exact,,DYNAMICALLY_LINKED,true,LOW,Not In Violation,,2/8/18,,,NOT_REVIEWED,,,sriramabFirefox 53.0.3
,570a789c-f682-455d-8b63-3a11f9db2e9d,1c229aac-4db1-4f09-a853-4365752eabc8,gyp,0.1+20150913git1f374df9,,3d238144-44e6-450e-b523-3defbdaed9dc,"BSD 3-clause ""New"" or ""Revised"" License",PERMISSIVE,Exact,,DYNAMICALLY_LINKED,true,HIGH,Not In Violation,,2/8/18,,,NOT_REVIEWED,,,sriramabFirefox 53.0.3
,9cbed26c-0fdf-4a4f-94b3-ec71888cd6d1,cd0f1c35-338c-479f-b459-eea6907492ed,Chromium (Google Chrome),r99232,,3d238144-44e6-450e-b523-3defbdaed9dc,"BSD 3-clause ""New"" or ""Revised"" License",PERMISSIVE,"Exact,Files Modified",,DYNAMICALLY_LINKED,true,HIGH,Not In Violation,,2/8/18,,,NOT_REVIEWED,,,sriramabFirefox 53.0.3
,953dabba-2972-4b92-935d-98629d055b05,79eb0cb0-ef33-43ad-8564-370398003265,psutil,3.1.1,,3d238144-44e6-450e-b523-3defbdaed9dc,"BSD 3-clause ""New"" or ""Revised"" License",PERMISSIVE,Exact,,DYNAMICALLY_LINKED,true,MEDIUM,Not In Violation,,2/8/18,,,NOT_REVIEWED,,,sriramabFirefox 53.0.3
,a8ee951a-b328-464a-a80c-d90704e7c88e,30e7a10f-1080-48e8-ae46-0503326e7a4d,react-proxy,1.1.1,,ad705c59-6893-4980-bdbf-0837f1823cc4,MIT License,PERMISSIVE,Exact,,DYNAMICALLY_LINKED,true,MEDIUM,Not In Violation,,2/8/18,,,NOT_REVIEWED,,,sriramabFirefox 53.0.3
,1a7b4fd5-8a97-4f79-9e7c-f741007ee145,a8ca7051-3ba9-4b89-94f4-871b39a1d769,WebPx.Web.PdfViewer,6.0.1,,00000000-0010-0000-0000-000000000000,Unknown License,UNKNOWN,Files Modified,,DYNAMICALLY_LINKED,true,OK,Not In Violation,,2/8/18,,,NOT_REVIEWED,,,sriramabFirefox 53.0.3
,7f4540f3-0224-40fb-9830-9ef9057e6be2,200c072b-c6ec-49be-b48e-a7732ca494f7,Jprotobuf,1.8.1,,7cae335f-1193-421e-92f1-8802b4243e93,Apache License 2.0,PERMISSIVE,Exact,,DYNAMICALLY_LINKED,true,MEDIUM,Not In Violation,,2/8/18,,,NOT_REVIEWED,,,sriramabFirefox 53.0.3
,dd1f55ac-a686-4f62-8d03-52b563d7cd8a,7f6c5a94-deef-4c05-871a-e4288d2df505,Bootstrap (Twitter),1042239,,00000000-0010-0000-0000-000000000000,Unknown License,UNKNOWN,Exact,,DYNAMICALLY_LINKED,true,LOW,Not In Violation,,2/8/18,,,NOT_REVIEWED,,,sriramabFirefox 53.0.3
,39ea1ec0-a717-45de-a057-37b733d369ec,d57e142b-cd7f-4d62-ba9c-a1e89c301242,icu-data,58.2,,836a0767-e481-4f09-9b87-0fb53432519b,ICU License,PERMISSIVE,Exact,,DYNAMICALLY_LINKED,true,LOW,Not In Violation,,2/8/18,,,NOT_REVIEWED,,,sriramabFirefox 53.0.3
,bdcb5784-90ea-46f5-b6a5-dc63e4d44972,ce03607f-b4f1-4637-9a58-4416a9d6b521,opus-dev,1.1.3,,3d238144-44e6-450e-b523-3defbdaed9dc,"BSD 3-clause ""New"" or ""Revised"" License",PERMISSIVE,Exact,,DYNAMICALLY_LINKED,true,LOW,Not In Violation,,2/8/18,,,NOT_REVIEWED,,,sriramabFirefox 53.0.3
,f1308496-5b30-4134-acba-6cb655afecaf,e1a653ae-b359-456b-87ec-ac48a222e06d,cfx,0.0.1,,ad705c59-6893-4980-bdbf-0837f1823cc4,MIT License,PERMISSIVE,Exact,,DYNAMICALLY_LINKED,true,MEDIUM,Not In Violation,,2/8/18,,,NOT_REVIEWED,,,sriramabFirefox 53.0.3
,f9cdc2bf-735f-4992-bf68-50b52df8abfd,5f15d7b8-b0cd-474a-9ed6-26a7a2ab25bb,args4j,2.0.26,,ad705c59-6893-4980-bdbf-0837f1823cc4,MIT License,PERMISSIVE,Exact,,DYNAMICALLY_LINKED,true,HIGH,Not In Violation,,2/8/18,,,NOT_REVIEWED,,,sriramabFirefox 53.0.3
,98990693-7a1d-4918-bd07-e67b3a97f893,c34ffd38-052f-434c-af6b-184a88f401e0,pip,8.1.2,,ad705c59-6893-4980-bdbf-0837f1823cc4,MIT License,PERMISSIVE,Exact,,DYNAMICALLY_LINKED,true,LOW,Not In Violation,,2/8/18,,,NOT_REVIEWED,,,sriramabFirefox 53.0.3
,bf2cbbdd-0e1a-4e12-9471-309d01074201,efb0bd8c-9c9c-461f-a2f7-9c2d846a8755,eslint-config-defaults,3.0.0,,ad705c59-6893-4980-bdbf-0837f1823cc4,MIT License,PERMISSIVE,Exact,,DYNAMICALLY_LINKED,true,MEDIUM,Not In Violation,,2/8/18,,,NOT_REVIEWED,,,sriramabFirefox 53.0.3
,240df304-a71c-42e1-9d00-aa54d0b50d0b,dc46331a-f109-48fe-b8f2-601c649c9613,CMake,3.1.0-rc1,,3d238144-44e6-450e-b523-3defbdaed9dc,"BSD 3-clause ""New"" or ""Revised"" License",PERMISSIVE,Exact,,DYNAMICALLY_LINKED,true,MEDIUM,Not In Violation,,2/8/18,,,NOT_REVIEWED,,,sriramabFirefox 53.0.3
,b2a5f0ab-36cd-4c6c-a1ad-0be04fa4ad88,370003a4-ff1a-4888-9afe-e0e3daf481d8,python-codespeak-lib,1.4.31,,19bd4215-a4d4-4ffe-8e54-fcd9558d4e96,Expat License,PERMISSIVE,"Exact,Files Modified",,DYNAMICALLY_LINKED,true,MEDIUM,Not In Violation,,2/8/18,,,NOT_REVIEWED,,,sriramabFirefox 53.0.3
,708f4c7f-6415-4b9e-89fd-ee8c53f75a76,c558cc66-c108-471d-802f-7ed24c21b824,node-http2,3.3.2,,ad705c59-6893-4980-bdbf-0837f1823cc4,MIT License,PERMISSIVE,Files Modified,,DYNAMICALLY_LINKED,true,HIGH,Not In Violation,,2/8/18,,,NOT_REVIEWED,,,sriramabFirefox 53.0.3
,9e4c5846-a463-4b32-90d0-9cd4232e4ed2,57b2a655-8f71-4569-b625-3ab5253db724,Oracle Application Express - Oracle APEX,5.1.2,,ac70165c-9b56-49dd-9947-f44836b98c60,Oracle Technology Network Application Express Development and Distribution 05/2009 License,WEAK_RECIPROCAL,Exact,,DYNAMICALLY_LINKED,true,LOW,Not In Violation,,2/8/18,,,NOT_REVIEWED,,,sriramabFirefox 53.0.3
,d3b7c5f4-5823-4e78-999f-aff90dcb62c2,916b31aa-6e7e-4946-8cd7-6d154e976fb3,marionette_driver,2.2.0,,ce3dd63e-c569-4cea-986a-46bc5efe9896,Mozilla Public License 2.0,WEAK_RECIPROCAL,Files Modified,,DYNAMICALLY_LINKED,true,LOW,Not In Violation,,2/8/18,,,NOT_REVIEWED,,,sriramabFirefox 53.0.3
,974c5cd7-42ae-4685-975f-6c0688d518a0,d7017a43-b3cb-4168-bae8-c6e59e24a334,freetype-devel,2.7.1,,"00000000-0010-0000-0000-000000000000,3d238144-44e6-450e-b523-3defbdaed9dc,d26bcb7d-5bc8-4f05-8942-a3a42728a2e4,ad705c59-6893-4980-bdbf-0837f1823cc4,39692bc6-4d1c-4466-a02c-fa6f21170587,bf938d20-87c3-40a7-88ba-467c417819fe","((Unknown License AND BSD 3-clause ""New"" or ""Revised"" License AND MIT License AND Public Domain) AND (GNU General Public License v2.0 or later OR Freetype Project License))","RECIPROCAL,UNKNOWN,PERMISSIVE",Exact,,DYNAMICALLY_LINKED,true,OK,Not In Violation,,2/8/18,,,NOT_REVIEWED,,,sriramabFirefox 53.0.3
,a89aac6b-3c73-465a-bed4-acb8dcc8f989,70f951c9-0127-4e68-a051-5e7c532360c2,Google Mock,1.6.0+svn437,,3d238144-44e6-450e-b523-3defbdaed9dc,"BSD 3-clause ""New"" or ""Revised"" License",PERMISSIVE,Exact,,DYNAMICALLY_LINKED,true,HIGH,Not In Violation,,2/8/18,,,NOT_REVIEWED,,,sriramabFirefox 53.0.3
,f1d0cc10-33f8-48a1-8543-04c5026e0e00,999883f9-e7ec-426d-880c-874c98bf6a35,pdf.js,v1.7.225,,7cae335f-1193-421e-92f1-8802b4243e93,Apache License 2.0,PERMISSIVE,Exact,,DYNAMICALLY_LINKED,true,LOW,Not In Violation,,2/8/18,,,NOT_REVIEWED,,,sriramabFirefox 53.0.3
,4ba554fb-83b2-4d8b-9c2a-58f06cb2a974,e922143c-b006-47c1-b78e-7b05e8114f72,react-dom-future,15.3.1,,c08ce128-5a2f-4d9f-b73d-89702e142efd,Facebook BSD License with Patent Provision,PERMISSIVE,Exact,,DYNAMICALLY_LINKED,true,OK,Not In Violation,,2/8/18,,,NOT_REVIEWED,,,sriramabFirefox 53.0.3
,f36ae713-e016-4642-a122-c26247fae3a5,39f2575f-791b-4039-9e11-cacab7417fcc,D3.js,3.5.3,,3d238144-44e6-450e-b523-3defbdaed9dc,"BSD 3-clause ""New"" or ""Revised"" License",PERMISSIVE,Exact,,DYNAMICALLY_LINKED,true,MEDIUM,Not In Violation,,2/8/18,,,NOT_REVIEWED,,,sriramabFirefox 53.0.3
,9c666a3c-b7f2-43c4-bf3f-828e9c2f2406,21677379-11c1-452c-a609-ce4ac4fed525,pip,8.1.2,,ad705c59-6893-4980-bdbf-0837f1823cc4,MIT License,PERMISSIVE,Exact,,DYNAMICALLY_LINKED,true,LOW,Not In Violation,,2/8/18,,,NOT_REVIEWED,,,sriramabFirefox 53.0.3
,e7f3f0f4-60eb-40a1-8ccb-10b7053de3bb,e1d7e849-ce7f-47ac-a06a-95aa636514d3,Android - platform - external - sfntly,android-6.0.0_r1,,7cae335f-1193-421e-92f1-8802b4243e93,Apache License 2.0,PERMISSIVE,"Files Added/Deleted,Files Modified",,DYNAMICALLY_LINKED,true,MEDIUM,Not In Violation,,2/8/18,,,NOT_REVIEWED,,,sriramabFirefox 53.0.3
,50dbd10c-f438-44c1-820a-76d5c9bd28e8,c9cccc1c-ca65-426f-a2e8-817872334966,firefox_ui_harness,1.3.0,,ce3dd63e-c569-4cea-986a-46bc5efe9896,Mozilla Public License 2.0,WEAK_RECIPROCAL,Files Modified,,DYNAMICALLY_LINKED,true,OK,Not In Violation,,2/8/18,,,NOT_REVIEWED,,,sriramabFirefox 53.0.3
,02f1227b-4836-488d-9505-f7b424c436f8,49456966-69b5-492b-9180-3e095b6cd8e3,Mozilla Firefox,3.1-alpha1,,"d7f120df-c44d-493d-9c5e-03e301e05942,39692bc6-4d1c-4466-a02c-fa6f21170587,cff110eb-f85c-445c-9d3b-00a04b7f4cf0",(GNU General Public License v2.0 or later OR GNU Lesser General Public License v2.1 or later OR Mozilla Public License 1.1),"RECIPROCAL,WEAK_RECIPROCAL","Exact,Files Modified",,DYNAMICALLY_LINKED,true,HIGH,Not In Violation,,2/8/18,,,NOT_REVIEWED,,,sriramabFirefox 53.0.3
,f03c3a5f-a2c6-43ad-9561-6cd672db8a1f,f539d826-3dc6-44c0-ab77-552a0ef8c1d2,Lo-Dash,0.10.0,,ad705c59-6893-4980-bdbf-0837f1823cc4,MIT License,PERMISSIVE,Exact,,DYNAMICALLY_LINKED,true,HIGH,Not In Violation,,2/8/18,,,NOT_REVIEWED,,,sriramabFirefox 53.0.3
,9adf3d8e-5d1a-4a6a-8cd6-407f18ee396d,8119a6ac-6bcd-4df7-b950-4f39f0b1f45b,python-wheel,0.29.0,,ad705c59-6893-4980-bdbf-0837f1823cc4,MIT License,PERMISSIVE,Exact,,DYNAMICALLY_LINKED,true,HIGH,Not In Violation,,2/8/18,,,NOT_REVIEWED,,,sriramabFirefox 53.0.3
,e4519f29-73c6-45e3-80b0-e5e8647ed277,603176f7-3dde-4a67-b1ad-8a18f2db677f,jQuery,1.11.1,,ad705c59-6893-4980-bdbf-0837f1823cc4,MIT License,PERMISSIVE,Exact,,DYNAMICALLY_LINKED,true,MEDIUM,Not In Violation,,2/8/18,,,NOT_REVIEWED,,,sriramabFirefox 53.0.3
,53e4f886-0c03-407c-8703-1f86151ab64f,58efc1f3-7ff5-492d-9649-8ae00636d3d6,Classycle,1.4.1,,3d238144-44e6-450e-b523-3defbdaed9dc,"BSD 3-clause ""New"" or ""Revised"" License",PERMISSIVE,Exact,,DYNAMICALLY_LINKED,true,HIGH,Not In Violation,,2/8/18,,,NOT_REVIEWED,,,sriramabFirefox 53.0.3
,b659a67b-e629-4df1-9742-3edee909dafd,177f89c7-6195-4939-9c99-a869057c6901,Sinon.JS,1.16.1,,3d238144-44e6-450e-b523-3defbdaed9dc,"BSD 3-clause ""New"" or ""Revised"" License",PERMISSIVE,Exact,,DYNAMICALLY_LINKED,true,MEDIUM,Not In Violation,,2/8/18,,,NOT_REVIEWED,,,sriramabFirefox 53.0.3
