Used by,Component id,Version id,Component name,Component version name,Channel versions,License ids,License names,License families,Match type,Producer match type,Usage,In use,Operational risk,Component policy status,Overridden By,Created At,Origin name,Origin id,Review status,Reviewed by,Reviewed at,Project path
,85d62961-b2b9-4605-add7-727344039790,52a9323f-dd6d-46a5-ad58-83deca198c52,benchmark-octane,1.0.0,,00000000-1000-0000-0000-000000000000,License Not Found,UNKNOWN,Exact,,DYNAMICALLY_LINKED,true,OK,Not In Violation,,2/8/18,,,NOT_REVIEWED,,,sriramabFirefox 58.0.2
,2baa3050-6c3d-48ef-bfb7-68871f182db3,87c218d4-f332-4c8a-b095-bee96e52883a,Minium - App,0.9.4,,7cae335f-1193-421e-92f1-8802b4243e93,Apache License 2.0,PERMISSIVE,Exact,,DYNAMICALLY_LINKED,true,LOW,Not In Violation,,2/8/18,,,NOT_REVIEWED,,,sriramabFirefox 58.0.2
,53c6f1a1-17c6-4942-b2e5-83e2c3317ce1,52b878f5-bf32-4a53-a14b-8aadc13e3e2d,Acorn,2.6.4,,ad705c59-6893-4980-bdbf-0837f1823cc4,MIT License,PERMISSIVE,Exact,,DYNAMICALLY_LINKED,true,MEDIUM,Not In Violation,,2/8/18,,,NOT_REVIEWED,,,sriramabFirefox 58.0.2
,b65fa30b-a311-4d1b-8f4c-ff632f1ec352,cb5f93e0-ce4e-4084-9cf9-7d8fba7d36d0,bower-angular,v1.6.5,,ad705c59-6893-4980-bdbf-0837f1823cc4,MIT License,PERMISSIVE,Exact,,DYNAMICALLY_LINKED,true,MEDIUM,Not In Violation,,2/8/18,,,NOT_REVIEWED,,,sriramabFirefox 58.0.2
,1186be6a-b9a6-469f-913a-9e9467f14d50,f40cc7f1-b31c-4afb-8416-6a8b063ee3a5,The FreeType Project,2.8.1,,f80fb9a9-5329-47c2-864d-00ed5cf744bf,GNU General Public License v3.0 or later,RECIPROCAL,Exact,,DYNAMICALLY_LINKED,true,LOW,Not In Violation,,2/8/18,,,NOT_REVIEWED,,,sriramabFirefox 58.0.2
,fea75474-4ee3-418d-b1be-99c43dfd0921,99ba1ae8-28db-43ce-95db-b412e12fac45,asn1js,1.2.11,,3d238144-44e6-450e-b523-3defbdaed9dc,"BSD 3-clause ""New"" or ""Revised"" License",PERMISSIVE,Exact,,DYNAMICALLY_LINKED,true,LOW,Not In Violation,,2/8/18,,,NOT_REVIEWED,,,sriramabFirefox 58.0.2
,5268f229-3e37-4068-ad3a-18f0bfbf8b34,3dc25ff9-b0a9-45e4-a08b-cf772e2ec838,google-gson,2.2.4,,7cae335f-1193-421e-92f1-8802b4243e93,Apache License 2.0,PERMISSIVE,Exact,,DYNAMICALLY_LINKED,true,HIGH,Not In Violation,,2/8/18,,,NOT_REVIEWED,,,sriramabFirefox 58.0.2
,7451ab08-3cd7-4120-a9db-34a18534a3c1,3bb2eb94-95c2-4a7c-a48d-305d5f0c7d19,flok,0.0.100,,00000000-0010-0000-0000-000000000000,Unknown License,UNKNOWN,Exact,,DYNAMICALLY_LINKED,true,MEDIUM,Not In Violation,,2/8/18,,,NOT_REVIEWED,,,sriramabFirefox 58.0.2
,fd8204cf-600a-4fce-8748-9e33b101c038,f90989d7-f50c-402f-a8ad-9f58466c466c,flatiron-director,1.0.0,,ad705c59-6893-4980-bdbf-0837f1823cc4,MIT License,PERMISSIVE,Exact,,DYNAMICALLY_LINKED,true,OK,Not In Violation,,2/8/18,,,NOT_REVIEWED,,,sriramabFirefox 58.0.2
,68f241ba-29ef-4406-8ef5-db3920eaa9a7,8b1a7c7b-8cfb-441a-aa49-e5a8aa2cfefe,jasmine-flight,v1.1.0,,ad705c59-6893-4980-bdbf-0837f1823cc4,MIT License,PERMISSIVE,Exact,,DYNAMICALLY_LINKED,true,HIGH,Not In Violation,,2/8/18,,,NOT_REVIEWED,,,sriramabFirefox 58.0.2
,a32a61f9-4f14-48e6-9659-4a14d8de3349,8410f846-91e9-421a-b757-a4fc52469203,chaijs,unknown,,ad705c59-6893-4980-bdbf-0837f1823cc4,MIT License,PERMISSIVE,Exact,,DYNAMICALLY_LINKED,true,HIGH,Not In Violation,,2/8/18,,,NOT_REVIEWED,,,sriramabFirefox 58.0.2
,47fafe0b-2400-457a-b0a2-8739a24a745d,23ef5757-6b16-4e57-a279-cb1a6103aaec,mozjs38,38.2.1,,"3d238144-44e6-450e-b523-3defbdaed9dc,f80fb9a9-5329-47c2-864d-00ed5cf744bf,39692bc6-4d1c-4466-a02c-fa6f21170587,7cae335f-1193-421e-92f1-8802b4243e93,ce3dd63e-c569-4cea-986a-46bc5efe9896,cff110eb-f85c-445c-9d3b-00a04b7f4cf0,537d3ece-558e-4181-a6c2-1cd0983817b9,fecf595c-3184-47f4-92f9-1a32ab46a8f1","(GNU General Public License v2.0 or later AND BSD 3-clause ""New"" or ""Revised"" License AND Academic Free License v3.0 AND Apache License 2.0 AND Mozilla Public License 2.0 AND GNU Lesser General Public License v2.1 or later AND GNU General Public License v3.0 or later AND GNU Lesser General Public License v2.1 only)","RECIPROCAL,WEAK_RECIPROCAL,PERMISSIVE",Exact,,DYNAMICALLY_LINKED,true,LOW,Not In Violation,,2/8/18,,,NOT_REVIEWED,,,sriramabFirefox 58.0.2
,63545277-6dcf-486a-a634-5d54ad67ce0b,47b49464-0591-46bc-8498-47d84bc79b33,Prototype Javascript Framework,1.6.0.3,,ad705c59-6893-4980-bdbf-0837f1823cc4,MIT License,PERMISSIVE,Exact,,DYNAMICALLY_LINKED,true,HIGH,Not In Violation,,2/8/18,,,NOT_REVIEWED,,,sriramabFirefox 58.0.2
,e4519f29-73c6-45e3-80b0-e5e8647ed277,fb2d8974-2a85-40db-8231-84f9f57828a7,jQuery,1.3.0,,"ad705c59-6893-4980-bdbf-0837f1823cc4,39692bc6-4d1c-4466-a02c-fa6f21170587",(GNU General Public License v2.0 or later AND MIT License),"RECIPROCAL,PERMISSIVE",Exact,,DYNAMICALLY_LINKED,true,HIGH,Not In Violation,,2/8/18,,,NOT_REVIEWED,,,sriramabFirefox 58.0.2
,1d6c99a7-c22e-4112-9eef-6c540e9fa162,cc8880d8-9637-47fc-9f87-568f4405c82a,React from Facebook,15.4.1,,c08ce128-5a2f-4d9f-b73d-89702e142efd,Facebook BSD License with Patent Provision,PERMISSIVE,Exact,,DYNAMICALLY_LINKED,true,LOW,Not In Violation,,2/8/18,,,NOT_REVIEWED,,,sriramabFirefox 58.0.2
,b0d05196-d977-4b83-889f-8ec18ba4d0fe,1a473e68-a5aa-4ef5-b61a-661c496efe8a,vue-vitual-env,1.0.0,,ad705c59-6893-4980-bdbf-0837f1823cc4,MIT License,PERMISSIVE,Exact,,DYNAMICALLY_LINKED,true,LOW,Not In Violation,,2/8/18,,,NOT_REVIEWED,,,sriramabFirefox 58.0.2
,1797fa90-1a71-4aab-a12e-934af699ab76,39b505e7-3d80-4e20-9010-e5bbd532cb92,JsonDiffPatch,0.1.8,,ad705c59-6893-4980-bdbf-0837f1823cc4,MIT License,PERMISSIVE,Exact,,DYNAMICALLY_LINKED,true,MEDIUM,Not In Violation,,2/8/18,,,NOT_REVIEWED,,,sriramabFirefox 58.0.2
,8f0a698d-1340-48f1-b130-7b13894da3ff,0773b819-75ac-425e-b4b5-deb9b3990a52,Mozilla l10n-central fr,tip,,00000000-0010-0000-0000-000000000000,Unknown License,UNKNOWN,Exact,,DYNAMICALLY_LINKED,true,LOW,Not In Violation,,2/8/18,,,NOT_REVIEWED,,,sriramabFirefox 58.0.2
,e4519f29-73c6-45e3-80b0-e5e8647ed277,0935eee0-74bd-4847-ace0-bab7b89b8c1c,jQuery,1.2,,"ad705c59-6893-4980-bdbf-0837f1823cc4,39692bc6-4d1c-4466-a02c-fa6f21170587",(GNU General Public License v2.0 or later AND MIT License),"RECIPROCAL,PERMISSIVE",Exact,,DYNAMICALLY_LINKED,true,HIGH,Not In Violation,,2/8/18,,,NOT_REVIEWED,,,sriramabFirefox 58.0.2
,66cf0afb-0c49-476e-a5bf-c53030c223c7,b95ae566-044d-4a74-9b33-f3ec8342cd2a,MeshCommander,0.3.8,,7cae335f-1193-421e-92f1-8802b4243e93,Apache License 2.0,PERMISSIVE,Exact,,DYNAMICALLY_LINKED,true,OK,Not In Violation,,2/8/18,,,NOT_REVIEWED,,,sriramabFirefox 58.0.2
,2d5071ae-a723-477f-9c1a-e27eef9acfcd,b745ec30-81a6-44ce-a628-71bc90a835b7,seamless-immutable,3.0.0,,7cae335f-1193-421e-92f1-8802b4243e93,Apache License 2.0,PERMISSIVE,Exact,,DYNAMICALLY_LINKED,true,HIGH,Not In Violation,,2/8/18,,,NOT_REVIEWED,,,sriramabFirefox 58.0.2
,d49cc370-8145-408a-9af0-27d66c0acbd8,0192d811-93fb-4b67-a3f1-eeb26b9ed56d,gl-matrix,2.3.2,,ad705c59-6893-4980-bdbf-0837f1823cc4,MIT License,PERMISSIVE,Exact,,DYNAMICALLY_LINKED,true,HIGH,Not In Violation,,2/8/18,,,NOT_REVIEWED,,,sriramabFirefox 58.0.2
,f4c1917c-645a-4443-8e26-d3122e7d6ac2,9b2c06b8-16a3-4ad6-a8b6-3f0888947743,MochiKit - A lightweight Javascript library,1.4.2,,"89270f73-0920-4660-bf98-da4de1c75495,ad705c59-6893-4980-bdbf-0837f1823cc4",(Academic Free License v2.1 OR MIT License),PERMISSIVE,Exact,,DYNAMICALLY_LINKED,true,OK,Not In Violation,,2/8/18,,,NOT_REVIEWED,,,sriramabFirefox 58.0.2
,4ba554fb-83b2-4d8b-9c2a-58f06cb2a974,790371c7-b1c4-48b5-ba7c-9b3843b8c30e,react-dom-future,15.4.2,,c08ce128-5a2f-4d9f-b73d-89702e142efd,Facebook BSD License with Patent Provision,PERMISSIVE,Exact,,DYNAMICALLY_LINKED,true,OK,Not In Violation,,2/8/18,,,NOT_REVIEWED,,,sriramabFirefox 58.0.2
,45b1d1f1-0dc8-440c-a454-da09e8f2fd10,7d6b718b-bc98-485e-879f-fef985e1059b,todomvc-react-flux-backbone,0.0.1,,7cae335f-1193-421e-92f1-8802b4243e93,Apache License 2.0,PERMISSIVE,Exact,,DYNAMICALLY_LINKED,true,OK,Not In Violation,,2/8/18,,,NOT_REVIEWED,,,sriramabFirefox 58.0.2
,681447a0-cfd0-41b6-9ede-aa71ff60fa11,0f1162b0-7ab3-43b5-a309-5ac4791506c1,Kallithea,20170305-snapshot-8d788789,,f80fb9a9-5329-47c2-864d-00ed5cf744bf,GNU General Public License v3.0 or later,RECIPROCAL,Exact,,DYNAMICALLY_LINKED,true,OK,Not In Violation,,2/8/18,,,NOT_REVIEWED,,,sriramabFirefox 58.0.2
,944bb132-3004-4cbb-a44f-d928e73abcb0,3cb93a2d-8b40-4828-a9ea-c2e19e946078,rust-mio,0.6.12,,ad705c59-6893-4980-bdbf-0837f1823cc4,MIT License,PERMISSIVE,Files Modified,,DYNAMICALLY_LINKED,true,OK,Not In Violation,,2/8/18,,,NOT_REVIEWED,,,sriramabFirefox 58.0.2
,9fe46c62-0c9d-47b4-868d-fa5d3a6e20fe,7fe1bd7e-a580-4ebe-af41-52d6fbd58ab0,jasmine-jquery,1.5.2,,ad705c59-6893-4980-bdbf-0837f1823cc4,MIT License,PERMISSIVE,Exact,,DYNAMICALLY_LINKED,true,HIGH,Not In Violation,,2/8/18,,,NOT_REVIEWED,,,sriramabFirefox 58.0.2
,f0d5b8db-bcb1-4fcc-8fb9-39e1aa28ebf6,88e88e5c-0543-4880-93c5-99fcd825a6c2,ceph,v0.94.1,,cff110eb-f85c-445c-9d3b-00a04b7f4cf0,GNU Lesser General Public License v2.1 or later,WEAK_RECIPROCAL,Exact,,DYNAMICALLY_LINKED,true,MEDIUM,Not In Violation,,2/8/18,,,NOT_REVIEWED,,,sriramabFirefox 58.0.2
,9ed7e7d9-eb08-4167-be88-e356a13cf6ec,099fd4b9-b164-443a-bf8d-fefefb8cdb51,react-addons-shallow-compare,80,,00000000-0010-0000-0000-000000000000,Unknown License,UNKNOWN,Exact,,DYNAMICALLY_LINKED,true,LOW,Not In Violation,,2/8/18,,,NOT_REVIEWED,,,sriramabFirefox 58.0.2
,240df304-a71c-42e1-9d00-aa54d0b50d0b,dc46331a-f109-48fe-b8f2-601c649c9613,CMake,3.1.0-rc1,,3d238144-44e6-450e-b523-3defbdaed9dc,"BSD 3-clause ""New"" or ""Revised"" License",PERMISSIVE,Exact,,DYNAMICALLY_LINKED,true,MEDIUM,Not In Violation,,2/8/18,,,NOT_REVIEWED,,,sriramabFirefox 58.0.2
,60d94529-7300-42be-8471-a7685a5f4b50,0d1cc4c3-9426-459e-b262-426051656581,Sphinx-Python Documentation Generator,1.1.3,,9f63ea0e-1486-40ff-844a-1536676b5400,"BSD 4-clause ""Original"" or ""Old"" License",PERMISSIVE,Exact,,DYNAMICALLY_LINKED,true,HIGH,Not In Violation,,2/8/18,,,NOT_REVIEWED,,,sriramabFirefox 58.0.2
,e4519f29-73c6-45e3-80b0-e5e8647ed277,275fe936-e559-4885-b78b-06f7fc8cdf2e,jQuery,Unknown,,"ad705c59-6893-4980-bdbf-0837f1823cc4,39692bc6-4d1c-4466-a02c-fa6f21170587",(GNU General Public License v2.0 or later AND MIT License),"RECIPROCAL,PERMISSIVE",Exact,,DYNAMICALLY_LINKED,true,HIGH,Not In Violation,,2/8/18,,,NOT_REVIEWED,,,sriramabFirefox 58.0.2
,781a9019-3318-47ce-b9a0-b0650ee4773d,e75ebbf4-a4e6-4c41-99e6-c6ab0114abda,dt-ui-test,0.0.0,,ad705c59-6893-4980-bdbf-0837f1823cc4,MIT License,PERMISSIVE,Exact,,DYNAMICALLY_LINKED,true,LOW,Not In Violation,,2/8/18,,,NOT_REVIEWED,,,sriramabFirefox 58.0.2
,61ee94b2-1eca-4e0a-9b48-f6ecc108727a,16e9bc5c-b295-4ee9-98b3-3806f3e17be8,Robotium :: Solo,5.5.4,,7cae335f-1193-421e-92f1-8802b4243e93,Apache License 2.0,PERMISSIVE,Exact,,DYNAMICALLY_LINKED,true,LOW,Not In Violation,,2/8/18,,,NOT_REVIEWED,,,sriramabFirefox 58.0.2
,d0d387e8-d405-4e03-baf4-be44cce466e9,5bc09906-185d-4d37-927b-efeb681974f6,Ember.js,2.2.0-beta.5,,ad705c59-6893-4980-bdbf-0837f1823cc4,MIT License,PERMISSIVE,Exact,,DYNAMICALLY_LINKED,true,MEDIUM,Not In Violation,,2/8/18,,,NOT_REVIEWED,,,sriramabFirefox 58.0.2
,31f01f40-86da-4a43-bf3a-d7448a3b8850,fb0fb6c0-09d8-4fcd-bb26-0b69d24ddcc7,classnames,2.2.5,,ad705c59-6893-4980-bdbf-0837f1823cc4,MIT License,PERMISSIVE,Exact,,DYNAMICALLY_LINKED,true,OK,Not In Violation,,2/8/18,,,NOT_REVIEWED,,,sriramabFirefox 58.0.2
,99a0e6e5-93fc-4052-b0e2-85b2d5ad6ce7,8a0631bb-2fe6-4e4e-81dc-47f7feeabfd0,JSDoc 3,3.4.0,,7cae335f-1193-421e-92f1-8802b4243e93,Apache License 2.0,PERMISSIVE,Exact,,DYNAMICALLY_LINKED,true,MEDIUM,Not In Violation,,2/8/18,,,NOT_REVIEWED,,,sriramabFirefox 58.0.2
,2f0a32a0-f5c6-45d7-858c-b8a5d922633d,6a498753-9a2b-4c0a-a584-f252728d10da,Guava: Google Core Libraries for Java,18.0-rc2,,7cae335f-1193-421e-92f1-8802b4243e93,Apache License 2.0,PERMISSIVE,Exact,,DYNAMICALLY_LINKED,true,MEDIUM,Not In Violation,,2/8/18,,,NOT_REVIEWED,,,sriramabFirefox 58.0.2
,01b9c158-0cbb-47b1-be28-735c4d9ad393,577faeac-d322-4c7a-b4fa-5e8c2fdbc7c3,source-map,0.6.1,,3d238144-44e6-450e-b523-3defbdaed9dc,"BSD 3-clause ""New"" or ""Revised"" License",PERMISSIVE,Exact,,DYNAMICALLY_LINKED,true,OK,Not In Violation,,2/8/18,,,NOT_REVIEWED,,,sriramabFirefox 58.0.2
,e4519f29-73c6-45e3-80b0-e5e8647ed277,1b20169a-c47c-44b4-95d5-f6762a1d4932,jQuery,2.2.4,,ad705c59-6893-4980-bdbf-0837f1823cc4,MIT License,PERMISSIVE,Exact,,DYNAMICALLY_LINKED,true,LOW,Not In Violation,,2/8/18,,,NOT_REVIEWED,,,sriramabFirefox 58.0.2
,eadcab9e-fbc9-46e8-a19d-2a8a84648850,8fd09739-c490-48fb-ba24-cdc6fb2cc201,marionette-client,3.3.0,,ce3dd63e-c569-4cea-986a-46bc5efe9896,Mozilla Public License 2.0,WEAK_RECIPROCAL,Files Modified,,DYNAMICALLY_LINKED,true,OK,Not In Violation,,2/8/18,,,NOT_REVIEWED,,,sriramabFirefox 58.0.2
,518ddb1a-0678-4833-9b3f-4dd6d658b8b9,57801dc9-65c0-474a-b9d2-ceb879e37918,gflags,gflags-1.6-svn,,3d238144-44e6-450e-b523-3defbdaed9dc,"BSD 3-clause ""New"" or ""Revised"" License",PERMISSIVE,Files Modified,,DYNAMICALLY_LINKED,true,HIGH,Not In Violation,,2/8/18,,,NOT_REVIEWED,,,sriramabFirefox 58.0.2
,f03c3a5f-a2c6-43ad-9561-6cd672db8a1f,23678f8b-ed26-416e-bc17-81094e5a0b54,Lo-Dash,unknown,,ad705c59-6893-4980-bdbf-0837f1823cc4,MIT License,PERMISSIVE,Exact,,DYNAMICALLY_LINKED,true,MEDIUM,Not In Violation,,2/8/18,,,NOT_REVIEWED,,,sriramabFirefox 58.0.2
,38d075de-2309-453c-965d-d1d7fdc04fd6,360bc37f-a8b5-4592-9d41-c810aaedf254,Thunderbird,52.0,,"cb3238d3-5a3e-4506-a6e2-5054a6f07cdf,d7f120df-c44d-493d-9c5e-03e301e05942,39692bc6-4d1c-4466-a02c-fa6f21170587",(GNU General Public License v2.0 or later OR GNU Library General Public License v2 or later OR Mozilla Public License 1.1),"RECIPROCAL,WEAK_RECIPROCAL",Exact,,DYNAMICALLY_LINKED,true,LOW,Not In Violation,,2/8/18,,,NOT_REVIEWED,,,sriramabFirefox 58.0.2
,b659a67b-e629-4df1-9742-3edee909dafd,4b85b10f-c84a-4b40-8b98-2b22ce9ab290,Sinon.JS,2.3.2,,3d238144-44e6-450e-b523-3defbdaed9dc,"BSD 3-clause ""New"" or ""Revised"" License",PERMISSIVE,Exact,,DYNAMICALLY_LINKED,true,LOW,Not In Violation,,2/8/18,,,NOT_REVIEWED,,,sriramabFirefox 58.0.2
,84ec31de-e7d8-4be2-8c25-92f028df3286,c6424ddd-02dc-4e91-88e7-70aa496fdaf1,gitlab-ci-dashboard,3.7.2,,ad705c59-6893-4980-bdbf-0837f1823cc4,MIT License,PERMISSIVE,Exact,,DYNAMICALLY_LINKED,true,LOW,Not In Violation,,2/8/18,,,NOT_REVIEWED,,,sriramabFirefox 58.0.2
,b0fc04cb-cd9b-4f44-99cb-7dc91f45004a,2f4a13c5-a892-4909-a1a3-6ebd8481c682,virtualenv,13.0.1,,ad705c59-6893-4980-bdbf-0837f1823cc4,MIT License,PERMISSIVE,Exact,,DYNAMICALLY_LINKED,true,MEDIUM,Not In Violation,,2/8/18,,,NOT_REVIEWED,,,sriramabFirefox 58.0.2
,ba9d1f75-f0fd-47b1-8ffd-d5b8abca45e8,b9055318-4bf7-465a-a3da-816380705548,NfWebCrypto,master-20170109,,7cae335f-1193-421e-92f1-8802b4243e93,Apache License 2.0,PERMISSIVE,Files Modified,,DYNAMICALLY_LINKED,true,HIGH,Not In Violation,,2/8/18,,,NOT_REVIEWED,,,sriramabFirefox 58.0.2
,52e543ea-eaf5-4d07-beea-27d71cc97366,8c5acd86-5817-4ae0-a342-c759ebe2e4f6,Flight.js,v1.3.0,,ad705c59-6893-4980-bdbf-0837f1823cc4,MIT License,PERMISSIVE,"Exact,Exact",,DYNAMICALLY_LINKED,true,HIGH,Not In Violation,,2/8/18,,,NOT_REVIEWED,,,sriramabFirefox 58.0.2
,906e0915-a892-41e3-b3d9-a8dbdd9acf84,acdd357d-4f11-4148-a8a9-78bc24dd4c9b,devtools-modules,0.0.21,,14b0b50b-acd2-4fc8-ac65-3b15f9e58260,ISC License,PERMISSIVE,Exact,,DYNAMICALLY_LINKED,true,LOW,Not In Violation,,2/8/18,,,NOT_REVIEWED,,,sriramabFirefox 58.0.2
,906e0915-a892-41e3-b3d9-a8dbdd9acf84,8c9d5750-3041-4f69-afd5-2b81eb6de1fa,devtools-modules,0.0.32-rc2,,ce3dd63e-c569-4cea-986a-46bc5efe9896,Mozilla Public License 2.0,WEAK_RECIPROCAL,Exact,,DYNAMICALLY_LINKED,true,LOW,Not In Violation,,2/8/18,,,NOT_REVIEWED,,,sriramabFirefox 58.0.2
,f6531b27-9d30-4a5e-bb0a-48e802864c6e,f89580a4-e7f1-4d76-8cdf-9d4197f1c705,yogafire,0.1.0,,ad705c59-6893-4980-bdbf-0837f1823cc4,MIT License,PERMISSIVE,"Exact,Files Modified",,DYNAMICALLY_LINKED,true,OK,Not In Violation,,2/8/18,,,NOT_REVIEWED,,,sriramabFirefox 58.0.2
,86d96ec3-4a28-4954-b5d4-75d57a205bad,e7ed41c1-54ab-4b1f-ae56-3e64d9d45703,text-mask,angular2-v0.18.2,,e37c7bee-8128-45ee-a416-b3e2a9f22487,Creative Commons Attribution 1.0,PERMISSIVE,Exact,,DYNAMICALLY_LINKED,true,LOW,Not In Violation,,2/8/18,,,NOT_REVIEWED,,,sriramabFirefox 58.0.2
,2360a8dd-3a2e-4e14-9ded-485edf834971,37ede899-2b4a-4ddf-bcd8-42c692e07394,web-streams,0.8.0,,"ad705c59-6893-4980-bdbf-0837f1823cc4,a7c69599-62b6-4d06-9ec6-ea688c041c00",(Creative Commons Zero v1.0 Universal OR MIT License),PERMISSIVE,Exact,,DYNAMICALLY_LINKED,true,OK,Not In Violation,,2/8/18,,,NOT_REVIEWED,,,sriramabFirefox 58.0.2
,e4519f29-73c6-45e3-80b0-e5e8647ed277,644bfe1a-3408-4dfc-86e1-fb917c1acd55,jQuery,3.2.1,,ad705c59-6893-4980-bdbf-0837f1823cc4,MIT License,PERMISSIVE,Exact,,DYNAMICALLY_LINKED,true,LOW,Not In Violation,,2/8/18,,,NOT_REVIEWED,,,sriramabFirefox 58.0.2
,7cda8239-6760-488e-bb12-23b3ebc0c444,865a8abc-e22a-4e7a-8dcd-5cb608b574f9,devtools-mc-assets,0.0.3,,14b0b50b-acd2-4fc8-ac65-3b15f9e58260,ISC License,PERMISSIVE,Exact,,DYNAMICALLY_LINKED,true,LOW,Not In Violation,,2/8/18,,,NOT_REVIEWED,,,sriramabFirefox 58.0.2
,9e85142b-bd9b-4184-9c0e-9232f9699dab,77f33eac-1aac-45ca-9a79-00a918184934,webassembly-interpreter,0.0.16,,0289ba34-8fe7-41db-82e0-49c28b9c2414,GNU General Public License v2.0 only,RECIPROCAL,Exact,,DYNAMICALLY_LINKED,true,OK,Not In Violation,,2/8/18,,,NOT_REVIEWED,,,sriramabFirefox 58.0.2
,6f23ac89-406b-4f9b-8b6f-a75d5b4b098c,5b8a6ac4-38e7-4aaa-9e7c-f68bd57a37c0,gl,0.0.5,,3d238144-44e6-450e-b523-3defbdaed9dc,"BSD 3-clause ""New"" or ""Revised"" License",PERMISSIVE,Exact,,DYNAMICALLY_LINKED,true,MEDIUM,Not In Violation,,2/8/18,,,NOT_REVIEWED,,,sriramabFirefox 58.0.2
,40c46fbc-96dc-48c0-a381-d3000ef9bed3,46665997-4a7b-4570-8eef-c6d0dde72131,PicoModal,2.0.1,,ad705c59-6893-4980-bdbf-0837f1823cc4,MIT License,PERMISSIVE,Exact,,DYNAMICALLY_LINKED,true,HIGH,Not In Violation,,2/8/18,,,NOT_REVIEWED,,,sriramabFirefox 58.0.2
,cb0968e2-9d9f-4aa9-9c29-bab2ab973f3c,67321450-c07a-45c4-b590-7a6d48c662b7,todo,1.0.0,,ad705c59-6893-4980-bdbf-0837f1823cc4,MIT License,PERMISSIVE,Exact,,DYNAMICALLY_LINKED,true,HIGH,Not In Violation,,2/8/18,,,NOT_REVIEWED,,,sriramabFirefox 58.0.2
,e3151d29-586f-4bd9-9207-90fa77b44e60,ebfeb71d-1830-4df3-a1b2-17b22cac2779,Google C++ Testing Framework,1.8.0,,3d238144-44e6-450e-b523-3defbdaed9dc,"BSD 3-clause ""New"" or ""Revised"" License",PERMISSIVE,"Exact,Files Modified",,DYNAMICALLY_LINKED,true,OK,Not In Violation,,2/8/18,,,NOT_REVIEWED,,,sriramabFirefox 58.0.2
,a4334b23-16a9-4e42-80af-d09081314be2,f8bcdced-635c-483a-bcad-69aaf80f249f,Python-RSA,3.1.4,,7cae335f-1193-421e-92f1-8802b4243e93,Apache License 2.0,PERMISSIVE,Exact,,DYNAMICALLY_LINKED,true,MEDIUM,Not In Violation,,2/8/18,,,NOT_REVIEWED,,,sriramabFirefox 58.0.2
,aa657cc8-4d2a-480e-aed9-e5c0af72fc2f,f9ab50e0-0c0c-48ab-834b-6949239e2de6,gremlins.js,v0.1.0,,ad705c59-6893-4980-bdbf-0837f1823cc4,MIT License,PERMISSIVE,Exact,,DYNAMICALLY_LINKED,true,OK,Not In Violation,,2/8/18,,,NOT_REVIEWED,,,sriramabFirefox 58.0.2
,41ec5aa0-806a-4134-8ca1-d48daaec020c,4d13423f-012e-4a43-8768-8b49c83120df,requests,2.9.1,,7cae335f-1193-421e-92f1-8802b4243e93,Apache License 2.0,PERMISSIVE,Exact,,DYNAMICALLY_LINKED,true,MEDIUM,Not In Violation,,2/8/18,,,NOT_REVIEWED,,,sriramabFirefox 58.0.2
,e4519f29-73c6-45e3-80b0-e5e8647ed277,ddf1747f-e66a-48db-8808-00c7c0d4cfc1,jQuery,1.7.0,,"ad705c59-6893-4980-bdbf-0837f1823cc4,39692bc6-4d1c-4466-a02c-fa6f21170587",(GNU General Public License v2.0 or later OR MIT License),"RECIPROCAL,PERMISSIVE",Exact,,DYNAMICALLY_LINKED,true,HIGH,Not In Violation,,2/8/18,,,NOT_REVIEWED,,,sriramabFirefox 58.0.2
,1e6ab04b-224a-4d76-a660-f9517df3044c,c07d6a44-5ae6-4410-8fed-4ea6ab5f06df,rust-mio-uds-devel,0.6.4,,"ad705c59-6893-4980-bdbf-0837f1823cc4,7cae335f-1193-421e-92f1-8802b4243e93",(Apache License 2.0 OR MIT License),PERMISSIVE,Exact,,DYNAMICALLY_LINKED,true,OK,Not In Violation,,2/8/18,,,NOT_REVIEWED,,,sriramabFirefox 58.0.2
,d9f0405e-4603-4fb9-8996-ed9e52e7d41a,53dc9ccb-a662-45d2-81b6-c5fe6bd59418,stackedit,5.0.0,,7cae335f-1193-421e-92f1-8802b4243e93,Apache License 2.0,PERMISSIVE,Exact,,DYNAMICALLY_LINKED,true,LOW,Not In Violation,,2/8/18,,,NOT_REVIEWED,,,sriramabFirefox 58.0.2
,d2cc7164-594a-4ab7-9283-eaeaf27a0547,795304e7-abab-4428-94d8-091e25fae92f,marionette-harness,4.2.0,,ce3dd63e-c569-4cea-986a-46bc5efe9896,Mozilla Public License 2.0,WEAK_RECIPROCAL,"Exact,Files Modified",,DYNAMICALLY_LINKED,true,OK,Not In Violation,,2/8/18,,,NOT_REVIEWED,,,sriramabFirefox 58.0.2
,b0fc04cb-cd9b-4f44-99cb-7dc91f45004a,8fb97107-aa70-4a9a-8b42-0ee54ce31e68,virtualenv,15.0.1+ds,,00000000-0010-0000-0000-000000000000,Unknown License,UNKNOWN,Exact,,DYNAMICALLY_LINKED,true,OK,Not In Violation,,2/8/18,,,NOT_REVIEWED,,,sriramabFirefox 58.0.2
,2ea4d8cc-5813-484e-acfe-8b99b1887268,4f9a20b3-c154-49e1-8dd9-0f4adde4a250,rust-lazycell-devel,0.5.1,,"ad705c59-6893-4980-bdbf-0837f1823cc4,7cae335f-1193-421e-92f1-8802b4243e93",(Apache License 2.0 OR MIT License),PERMISSIVE,Files Modified,,DYNAMICALLY_LINKED,true,OK,Not In Violation,,2/8/18,,,NOT_REVIEWED,,,sriramabFirefox 58.0.2
,abb21af2-cb2c-4609-8e86-77fdf4825b1f,24008d89-b433-4de7-92cd-c244ac6baf42,microformat-shiv,1.3.3,,ad705c59-6893-4980-bdbf-0837f1823cc4,MIT License,PERMISSIVE,Exact,,DYNAMICALLY_LINKED,true,MEDIUM,Not In Violation,,2/8/18,,,NOT_REVIEWED,,,sriramabFirefox 58.0.2
,4733d2b2-2701-4237-9c4f-52b549d0212e,a391caed-23b1-4827-a2ce-3814d1a5d844,ember-route-action-helper,2.0.5,,ad705c59-6893-4980-bdbf-0837f1823cc4,MIT License,PERMISSIVE,Exact,,DYNAMICALLY_LINKED,true,OK,Not In Violation,,2/8/18,,,NOT_REVIEWED,,,sriramabFirefox 58.0.2
,5126d763-aa0a-44cd-b564-e804d7e61b33,33bef0cd-a608-4c7a-8091-e3fcec62bccd,python3-PyYAML,3.11,,ad705c59-6893-4980-bdbf-0837f1823cc4,MIT License,PERMISSIVE,Exact,,DYNAMICALLY_LINKED,true,OK,Not In Violation,,2/8/18,,,NOT_REVIEWED,,,sriramabFirefox 58.0.2
,5d0331f5-aab6-4e66-94af-0745c799f230,26d5780e-365d-40e6-9413-beb3e18b0210,pythonfutures,3.0.5,,3d238144-44e6-450e-b523-3defbdaed9dc,"BSD 3-clause ""New"" or ""Revised"" License",PERMISSIVE,Exact,,DYNAMICALLY_LINKED,true,HIGH,Not In Violation,,2/8/18,,,NOT_REVIEWED,,,sriramabFirefox 58.0.2
,0bd4f813-63e4-45a7-9676-53325f703c87,9d24c619-1ccc-4497-8632-8e86fef29a2b,wptrunner,1.10,,ce3dd63e-c569-4cea-986a-46bc5efe9896,Mozilla Public License 2.0,WEAK_RECIPROCAL,Files Modified,,DYNAMICALLY_LINKED,true,MEDIUM,Not In Violation,,2/8/18,,,NOT_REVIEWED,,,sriramabFirefox 58.0.2
,e4519f29-73c6-45e3-80b0-e5e8647ed277,477b2e8e-65a9-411a-810f-8fabcea070c5,jQuery,1.2.6,,"ad705c59-6893-4980-bdbf-0837f1823cc4,39692bc6-4d1c-4466-a02c-fa6f21170587",(GNU General Public License v2.0 or later AND MIT License),"RECIPROCAL,PERMISSIVE",Exact,,DYNAMICALLY_LINKED,true,HIGH,Not In Violation,,2/8/18,,,NOT_REVIEWED,,,sriramabFirefox 58.0.2
,f2a35a84-296d-432d-91ab-77a9e3d1c995,c96b5969-3af2-438b-bb6f-74966beb311b,libowncloudsync0,2.3.3,,"cb3238d3-5a3e-4506-a6e2-5054a6f07cdf,39692bc6-4d1c-4466-a02c-fa6f21170587",(GNU General Public License v2.0 or later AND GNU Library General Public License v2 or later),"RECIPROCAL,WEAK_RECIPROCAL",Files Modified,,DYNAMICALLY_LINKED,true,OK,Not In Violation,,2/8/18,,,NOT_REVIEWED,,,sriramabFirefox 58.0.2
,dd1f55ac-a686-4f62-8d03-52b563d7cd8a,084b374f-e862-4165-b0d6-f70c176f699a,Bootstrap (Twitter),unknown,,ad705c59-6893-4980-bdbf-0837f1823cc4,MIT License,PERMISSIVE,Exact,,DYNAMICALLY_LINKED,true,MEDIUM,Not In Violation,,2/8/18,,,NOT_REVIEWED,,,sriramabFirefox 58.0.2
,0818907d-4dac-43b6-9628-9a692d6941e7,1561930f-9592-43b1-a5f5-8b370174035a,html5lib-python,0.99,,ad705c59-6893-4980-bdbf-0837f1823cc4,MIT License,PERMISSIVE,Exact,,DYNAMICALLY_LINKED,true,HIGH,Not In Violation,,2/8/18,,,NOT_REVIEWED,,,sriramabFirefox 58.0.2
,fdd6a29a-c05e-48a1-82b4-de77538e0dbc,9e65d15e-e260-4348-a9ef-3ef826aaa882,closure-compiler-stream,0.1.15,,ad705c59-6893-4980-bdbf-0837f1823cc4,MIT License,PERMISSIVE,Exact,,DYNAMICALLY_LINKED,true,OK,Not In Violation,,2/8/18,,,NOT_REVIEWED,,,sriramabFirefox 58.0.2
,cd9f8419-7d43-49a7-a377-4853ae0a5796,06f02237-6313-4aeb-b78a-103a2e4a1323,Underscore.js,1.3.1,,ad705c59-6893-4980-bdbf-0837f1823cc4,MIT License,PERMISSIVE,Exact,,DYNAMICALLY_LINKED,true,HIGH,Not In Violation,,2/8/18,,,NOT_REVIEWED,,,sriramabFirefox 58.0.2
,18931590-9179-4ac4-80c8-17ac0025bf51,dccf7e34-439a-418e-a4d2-45817b8a39f8,Amber Smalltalk,legacy3-iife,,ad705c59-6893-4980-bdbf-0837f1823cc4,MIT License,PERMISSIVE,Exact,,DYNAMICALLY_LINKED,true,HIGH,Not In Violation,,2/8/18,,,NOT_REVIEWED,,,sriramabFirefox 58.0.2
,708f4c7f-6415-4b9e-89fd-ee8c53f75a76,14c8fc55-eff3-4ea9-bba5-50153c9c215a,node-http2,3.3.7,,ad705c59-6893-4980-bdbf-0837f1823cc4,MIT License,PERMISSIVE,"Exact,Exact",,DYNAMICALLY_LINKED,true,HIGH,Not In Violation,,2/8/18,,,NOT_REVIEWED,,,sriramabFirefox 58.0.2
,bdcb5784-90ea-46f5-b6a5-dc63e4d44972,1e5f0072-7b70-4c65-85de-a2466fdcbc45,opus-dev,1.2,,3d238144-44e6-450e-b523-3defbdaed9dc,"BSD 3-clause ""New"" or ""Revised"" License",PERMISSIVE,Exact,,DYNAMICALLY_LINKED,true,OK,Not In Violation,,2/8/18,,,NOT_REVIEWED,,,sriramabFirefox 58.0.2
,05ca02e5-c536-47a6-8a2a-b50eb6c48279,5f9a80cd-fc01-4ab5-ac69-7e5477019547,mozlog,3.4,,"d7f120df-c44d-493d-9c5e-03e301e05942,0289ba34-8fe7-41db-82e0-49c28b9c2414,fecf595c-3184-47f4-92f9-1a32ab46a8f1",(GNU General Public License v2.0 only OR Mozilla Public License 1.1 OR GNU Lesser General Public License v2.1 only),"RECIPROCAL,WEAK_RECIPROCAL",Files Modified,,DYNAMICALLY_LINKED,true,LOW,Not In Violation,,2/8/18,,,NOT_REVIEWED,,,sriramabFirefox 58.0.2
,4ba554fb-83b2-4d8b-9c2a-58f06cb2a974,fcdc6a7d-c2bc-4cb6-979b-8461cea27f85,react-dom-future,unknown,,00000000-1000-0000-0000-000000000000,License Not Found,UNKNOWN,Exact,,DYNAMICALLY_LINKED,true,MEDIUM,Not In Violation,,2/8/18,,,NOT_REVIEWED,,,sriramabFirefox 58.0.2
,d7548b39-0545-485a-91f7-e910f4a15ceb,bd618fc4-ce58-4b15-b6b1-ce672dcff056,Mako,0.9.1,,ad705c59-6893-4980-bdbf-0837f1823cc4,MIT License,PERMISSIVE,"Exact,Exact",,DYNAMICALLY_LINKED,true,HIGH,Not In Violation,,2/8/18,,,NOT_REVIEWED,,,sriramabFirefox 58.0.2
,da590d31-8f9d-49c5-a0e1-9042f3a4b367,1661bf2c-315c-4ee5-9498-d0c449e88d4f,Python programming language,3.4.5,,ead40028-7962-4fc0-9be5-2b956cd4714a,Python License 2.0,PERMISSIVE,Exact,,DYNAMICALLY_LINKED,true,LOW,Not In Violation,,2/8/18,,,NOT_REVIEWED,,,sriramabFirefox 58.0.2
,bdf1ad31-4218-41ce-a80e-7a8e61bfe920,2af9b440-cdeb-442a-917d-c63bbb7c85a6,vswhere,1.0.62,,00000000-0010-0000-0000-000000000000,Unknown License,UNKNOWN,Exact,,DYNAMICALLY_LINKED,true,LOW,Not In Violation,,2/8/18,,,NOT_REVIEWED,,,sriramabFirefox 58.0.2
,99b453c6-485c-401e-85fd-397f02cb7838,7aee34dc-1d21-43ea-ad88-29614f3d17d0,libfreetype6,2.8.1,,00000000-0010-0000-0000-000000000000,Unknown License,UNKNOWN,Exact,,DYNAMICALLY_LINKED,true,OK,Not In Violation,,2/8/18,,,NOT_REVIEWED,,,sriramabFirefox 58.0.2
,733f44aa-0669-41d1-bb63-063e5827fedb,d6a19712-65ab-4086-9937-805ad3a8129a,Closure Compiler,20150315.0.1,,7cae335f-1193-421e-92f1-8802b4243e93,Apache License 2.0,PERMISSIVE,Exact,,DYNAMICALLY_LINKED,true,HIGH,Not In Violation,,2/8/18,,,NOT_REVIEWED,,,sriramabFirefox 58.0.2
,14e8d41a-837d-45e0-8594-a6af2263b062,24ba2796-9803-41d4-902e-833b1eae5199,Closure,20150315,,3d238144-44e6-450e-b523-3defbdaed9dc,"BSD 3-clause ""New"" or ""Revised"" License",PERMISSIVE,Exact,,DYNAMICALLY_LINKED,true,HIGH,Not In Violation,,2/8/18,,,NOT_REVIEWED,,,sriramabFirefox 58.0.2
,3732b775-d4dd-48a3-8646-85bf9dfefa11,41bdcb16-8233-4d5f-ac72-ccaa8f09bc9a,free-jqgrid,4.10.0,,"ad705c59-6893-4980-bdbf-0837f1823cc4,0289ba34-8fe7-41db-82e0-49c28b9c2414",(GNU General Public License v2.0 only AND MIT License),"RECIPROCAL,PERMISSIVE",Exact,,DYNAMICALLY_LINKED,true,MEDIUM,Not In Violation,,2/8/18,,,NOT_REVIEWED,,,sriramabFirefox 58.0.2
,b0631326-afde-4e6a-bd97-b324f1bd9720,6eace6e3-d6c2-441f-97cb-b217a1d079fa,firefox,58.0~b14,,ce3dd63e-c569-4cea-986a-46bc5efe9896,Mozilla Public License 2.0,WEAK_RECIPROCAL,Files Modified,,DYNAMICALLY_LINKED,true,LOW,Not In Violation,,2/8/18,,,NOT_REVIEWED,,,sriramabFirefox 58.0.2
,2c2f9ec5-64b2-4b82-99a0-a25e6c096b58,7caa2566-afa4-4c0f-8cad-a1399ca8b22a,json-e,2.3.2,,ce3dd63e-c569-4cea-986a-46bc5efe9896,Mozilla Public License 2.0,WEAK_RECIPROCAL,Exact,,DYNAMICALLY_LINKED,true,LOW,Not In Violation,,2/8/18,,,NOT_REVIEWED,,,sriramabFirefox 58.0.2
,e7acab36-82e3-4c8e-b4cf-0356ce900861,bc84722b-aba8-490b-bdf2-17d237ae8406,Google Code Prettify,20110601,,7cae335f-1193-421e-92f1-8802b4243e93,Apache License 2.0,PERMISSIVE,Exact,,DYNAMICALLY_LINKED,true,HIGH,Not In Violation,,2/8/18,,,NOT_REVIEWED,,,sriramabFirefox 58.0.2
,878ae24b-766f-4803-af09-85a81ede36d9,cd133574-c225-4f90-b3e5-27689667a226,demangle,1.0.1,,ad705c59-6893-4980-bdbf-0837f1823cc4,MIT License,PERMISSIVE,Exact,,DYNAMICALLY_LINKED,true,OK,Not In Violation,,2/8/18,,,NOT_REVIEWED,,,sriramabFirefox 58.0.2
,e5d08dec-99d6-4c23-851e-0933af5c4777,cc52c132-118c-40cf-8da3-5e53bb5b6c38,text-encoding,0.1.0,,7cae335f-1193-421e-92f1-8802b4243e93,Apache License 2.0,PERMISSIVE,Exact,,DYNAMICALLY_LINKED,true,MEDIUM,Not In Violation,,2/8/18,,,NOT_REVIEWED,,,sriramabFirefox 58.0.2
,d0d387e8-d405-4e03-baf4-be44cce466e9,3272d03b-366a-472d-839f-a81cd1957513,Ember.js,0.13,,ad705c59-6893-4980-bdbf-0837f1823cc4,MIT License,PERMISSIVE,Exact,,DYNAMICALLY_LINKED,true,LOW,Not In Violation,,2/8/18,,,NOT_REVIEWED,,,sriramabFirefox 58.0.2
,351f2b1e-2700-4776-b51d-fedc944a050c,a138f689-dc37-4d70-a1e1-aa8547227676,mozilla,38.4.0,,ce3dd63e-c569-4cea-986a-46bc5efe9896,Mozilla Public License 2.0,WEAK_RECIPROCAL,"Files Added/Deleted,Exact",,DYNAMICALLY_LINKED,true,MEDIUM,Not In Violation,,2/8/18,,,NOT_REVIEWED,,,sriramabFirefox 58.0.2
,d5a95916-efac-49af-9db4-4fbd1849fc57,ec79aa41-1eed-4fa2-b733-22e333bfce06,eth-vue,2.1.0,,f5135f7b-f17e-473a-839b-3ea12860f761,GNU General Public License v3.0 only,RECIPROCAL,Exact,,DYNAMICALLY_LINKED,true,LOW,Not In Violation,,2/8/18,,,NOT_REVIEWED,,,sriramabFirefox 58.0.2
,8b9abb2b-17de-4a8e-b037-9248fb1dc21b,be554123-8288-414f-9600-b2ab779ffda0,toon-ui,1.0.0,,14b0b50b-acd2-4fc8-ac65-3b15f9e58260,ISC License,PERMISSIVE,Exact,,DYNAMICALLY_LINKED,true,LOW,Not In Violation,,2/8/18,,,NOT_REVIEWED,,,sriramabFirefox 58.0.2
,da590d31-8f9d-49c5-a0e1-9042f3a4b367,890e56af-9ed3-4fa2-a222-228ec12b87a5,Python programming language,3.3.6,,ead40028-7962-4fc0-9be5-2b956cd4714a,Python License 2.0,PERMISSIVE,Exact,,DYNAMICALLY_LINKED,true,MEDIUM,Not In Violation,,2/8/18,,,NOT_REVIEWED,,,sriramabFirefox 58.0.2
,f36ae713-e016-4642-a122-c26247fae3a5,7695ecdc-45d9-4171-895e-e9d7463107ee,D3.js,unknown,,3d238144-44e6-450e-b523-3defbdaed9dc,"BSD 3-clause ""New"" or ""Revised"" License",PERMISSIVE,Exact,,DYNAMICALLY_LINKED,true,MEDIUM,Not In Violation,,2/8/18,,,NOT_REVIEWED,,,sriramabFirefox 58.0.2
,e9a81f86-92da-4ee9-ba6f-2c7507fd2aa7,3b56a4e6-1abb-4948-a787-1d6b20cd5076,scoutjs,1.0.0,,ad705c59-6893-4980-bdbf-0837f1823cc4,MIT License,PERMISSIVE,Exact,,DYNAMICALLY_LINKED,true,MEDIUM,Not In Violation,,2/8/18,,,NOT_REVIEWED,,,sriramabFirefox 58.0.2
,c060b253-031f-4f84-b94a-1c8df93dd636,e97d8fc5-8948-448d-bfb4-8cc0d8925ae4,deep-diff,0.3.2,,ad705c59-6893-4980-bdbf-0837f1823cc4,MIT License,PERMISSIVE,Exact,,DYNAMICALLY_LINKED,true,MEDIUM,Not In Violation,,2/8/18,,,NOT_REVIEWED,,,sriramabFirefox 58.0.2
,42ac146d-c318-4902-b511-0d6d98bc1213,cd542e5b-b8a3-457b-9452-63606c903277,webrtc-mirror,r6979,,3d238144-44e6-450e-b523-3defbdaed9dc,"BSD 3-clause ""New"" or ""Revised"" License",PERMISSIVE,Exact,,DYNAMICALLY_LINKED,true,MEDIUM,Not In Violation,,2/8/18,,,NOT_REVIEWED,,,sriramabFirefox 58.0.2
,45823f12-1b1a-4d82-ab9a-a0a57eefd803,11bdd8ed-743e-4564-9688-11cb416220d4,mozrunner,6.14,,ce3dd63e-c569-4cea-986a-46bc5efe9896,Mozilla Public License 2.0,WEAK_RECIPROCAL,Exact,,DYNAMICALLY_LINKED,true,HIGH,Not In Violation,,2/8/18,,,NOT_REVIEWED,,,sriramabFirefox 58.0.2
,fb28e35f-0018-4cd6-8be4-7b146d7bd5e4,0a04aaad-77bc-444a-bf07-7fa81f833089,RequireJS Text,2.0.15,,"3d238144-44e6-450e-b523-3defbdaed9dc,ad705c59-6893-4980-bdbf-0837f1823cc4","(BSD 3-clause ""New"" or ""Revised"" License AND MIT License)",PERMISSIVE,Exact,,DYNAMICALLY_LINKED,true,OK,Not In Violation,,2/8/18,,,NOT_REVIEWED,,,sriramabFirefox 58.0.2
,e0c26cd0-2252-46d5-a9fb-5d23a6bc8805,01ef29d8-70f5-44e9-bc22-192b3926ed52,Selenium,2.35.1,,7cae335f-1193-421e-92f1-8802b4243e93,Apache License 2.0,PERMISSIVE,Exact,,DYNAMICALLY_LINKED,true,HIGH,Not In Violation,,2/8/18,,,NOT_REVIEWED,,,sriramabFirefox 58.0.2
,1177698d-2914-4725-9236-2bcd8c119b5c,d2559e6f-c366-4bbd-a510-722c786a09c1,libgraphite2-2.0.0,1.3.10,,cb3238d3-5a3e-4506-a6e2-5054a6f07cdf,GNU Library General Public License v2 or later,WEAK_RECIPROCAL,Exact,,DYNAMICALLY_LINKED,true,OK,Not In Violation,,2/8/18,,,NOT_REVIEWED,,,sriramabFirefox 58.0.2
,47f87a18-d4f5-43c1-9692-63289129d7c4,facf6655-89fc-4457-a78a-8a2f1d523efa,react-virtualized,unknown,,00000000-0010-0000-0000-000000000000,Unknown License,UNKNOWN,Exact,,DYNAMICALLY_LINKED,true,LOW,Not In Violation,,2/8/18,,,NOT_REVIEWED,,,sriramabFirefox 58.0.2
,c39584f6-a929-404d-b26f-d13acf1f3c8e,aba47102-5398-4163-aab3-173df6e200ee,libvpx,1.6.1,,3d238144-44e6-450e-b523-3defbdaed9dc,"BSD 3-clause ""New"" or ""Revised"" License",PERMISSIVE,"Exact,Files Modified",,DYNAMICALLY_LINKED,true,OK,Not In Violation,,2/8/18,,,NOT_REVIEWED,,,sriramabFirefox 58.0.2
,4a01943d-1e66-4571-8bc4-f6ed5e96e805,19b85d07-8bb1-443b-a490-1f06b24b07a4,@lite-js/xml,0.0.2,,ad705c59-6893-4980-bdbf-0837f1823cc4,MIT License,PERMISSIVE,Exact,,DYNAMICALLY_LINKED,true,OK,Not In Violation,,2/8/18,,,NOT_REVIEWED,,,sriramabFirefox 58.0.2
,c5f03c0f-7213-4e83-abb5-cc470fcdb732,210f386b-0d9c-4cd5-b56e-64d089c69c4b,Kerberos,1.12,,51e776f9-d9f5-458b-8942-92f8569ee73c,Krb5-MIT License,PERMISSIVE,Exact,,DYNAMICALLY_LINKED,true,HIGH,Not In Violation,,2/8/18,,,NOT_REVIEWED,,,sriramabFirefox 58.0.2
,114c346e-4c28-48c5-b60f-48ea600dcb3a,8fde966e-4a2d-4856-96a3-2683f8206e47,rust-base64,v0.6.0,,00000000-0010-0000-0000-000000000000,Unknown License,UNKNOWN,Exact,,DYNAMICALLY_LINKED,true,LOW,Not In Violation,,2/8/18,,,NOT_REVIEWED,,,sriramabFirefox 58.0.2
,ef04e99c-b24d-4980-a989-4cb454344e09,f2a821a6-aa88-4287-b86d-be6ef5fc7b53,rust-libloading,0.4.3,,14b0b50b-acd2-4fc8-ac65-3b15f9e58260,ISC License,PERMISSIVE,Files Modified,,DYNAMICALLY_LINKED,true,OK,Not In Violation,,2/8/18,,,NOT_REVIEWED,,,sriramabFirefox 58.0.2
,6871726d-1645-42d6-b56f-a3486da287a8,4d1e01ac-cbb7-452a-8fce-5f5377a5e86d,rust-encoding_rs-devel,0.7.1,,"ad705c59-6893-4980-bdbf-0837f1823cc4,7cae335f-1193-421e-92f1-8802b4243e93",(Apache License 2.0 OR MIT License),PERMISSIVE,Exact,,DYNAMICALLY_LINKED,true,OK,Not In Violation,,2/8/18,,,NOT_REVIEWED,,,sriramabFirefox 58.0.2
,50b11cf7-bb6c-4d2b-86bd-c4c43548ef76,a7f8a4bd-2584-452e-a3bf-9f9433e63817,py.test,2.9.1,,ad705c59-6893-4980-bdbf-0837f1823cc4,MIT License,PERMISSIVE,Exact,,DYNAMICALLY_LINKED,true,LOW,Not In Violation,,2/8/18,,,NOT_REVIEWED,,,sriramabFirefox 58.0.2
,5475dd32-43be-4d3d-b77c-9dd512b083cc,c9568c48-a271-4239-8dd4-19a5ac7ea240,keet,1.0.8,,ad705c59-6893-4980-bdbf-0837f1823cc4,MIT License,PERMISSIVE,Exact,,DYNAMICALLY_LINKED,true,LOW,Not In Violation,,2/8/18,,,NOT_REVIEWED,,,sriramabFirefox 58.0.2
,b8711f79-4a21-484a-baee-bd0ff516070b,e58754a2-cbd1-442d-b371-421a7dedff9b,WebRTC,20170310-snapshot-2ad5e387,,3d238144-44e6-450e-b523-3defbdaed9dc,"BSD 3-clause ""New"" or ""Revised"" License",PERMISSIVE,"Files Added/Deleted,Exact,Exact,Files Modified",,DYNAMICALLY_LINKED,true,OK,Not In Violation,,2/8/18,,,NOT_REVIEWED,,,sriramabFirefox 58.0.2
,3359fa70-181e-49fe-aad0-5c69b754a109,8095db7e-e125-4c58-928a-ce1764568acd,pivotal's jasmine,1.1.0.rc1,,ad705c59-6893-4980-bdbf-0837f1823cc4,MIT License,PERMISSIVE,Exact,,DYNAMICALLY_LINKED,true,HIGH,Not In Violation,,2/8/18,,,NOT_REVIEWED,,,sriramabFirefox 58.0.2
,a0a80035-ffff-4c44-8ccc-c0f44e741dd8,c5252f49-ebcf-4afe-92f8-ac7e0338d86b,molgenis-api-client,1.2.0,,9aa0050b-acd5-43c3-ae8d-0b10e7070e18,GNU Lesser General Public License v3.0 only,WEAK_RECIPROCAL,Exact,,DYNAMICALLY_LINKED,true,LOW,Not In Violation,,2/8/18,,,NOT_REVIEWED,,,sriramabFirefox 58.0.2
,85d80c5e-6324-4025-b743-7cc09b6eb390,720b346e-40aa-42e2-8c56-a5a744b2ee4a,py-virtualenv,15.0.3,,ad705c59-6893-4980-bdbf-0837f1823cc4,MIT License,PERMISSIVE,Exact,,DYNAMICALLY_LINKED,true,OK,Not In Violation,,2/8/18,,,NOT_REVIEWED,,,sriramabFirefox 58.0.2
,41788596-1c18-4e92-baf0-ec5794017601,3f812779-09d8-44c1-a7c0-1392599682d1,nss,debian/3.34.1-1,,00000000-0010-0000-0000-000000000000,Unknown License,UNKNOWN,Exact,,DYNAMICALLY_LINKED,true,OK,Not In Violation,,2/8/18,,,NOT_REVIEWED,,,sriramabFirefox 58.0.2
,4e364467-a1fb-4ab2-912c-42f3f64f606f,fe25060e-9a08-4fcd-82fc-5f44a14facf7,universal-chat-widget,1.0.0,,ad705c59-6893-4980-bdbf-0837f1823cc4,MIT License,PERMISSIVE,Exact,,DYNAMICALLY_LINKED,true,OK,Not In Violation,,2/8/18,,,NOT_REVIEWED,,,sriramabFirefox 58.0.2
,05ca02e5-c536-47a6-8a2a-b50eb6c48279,eacb3d2f-6941-48f5-ac07-e0ed4c31a48f,mozlog,3.6,,"d7f120df-c44d-493d-9c5e-03e301e05942,0289ba34-8fe7-41db-82e0-49c28b9c2414,fecf595c-3184-47f4-92f9-1a32ab46a8f1",(GNU General Public License v2.0 only OR Mozilla Public License 1.1 OR GNU Lesser General Public License v2.1 only),"RECIPROCAL,WEAK_RECIPROCAL",Exact,,DYNAMICALLY_LINKED,true,OK,Not In Violation,,2/8/18,,,NOT_REVIEWED,,,sriramabFirefox 58.0.2
,e4519f29-73c6-45e3-80b0-e5e8647ed277,e132f7c3-abd0-420f-a203-b90298b1e1fc,jQuery,1.3,,"ad705c59-6893-4980-bdbf-0837f1823cc4,39692bc6-4d1c-4466-a02c-fa6f21170587",(GNU General Public License v2.0 or later OR MIT License),"RECIPROCAL,PERMISSIVE",Exact,,DYNAMICALLY_LINKED,true,HIGH,Not In Violation,,2/8/18,,,NOT_REVIEWED,,,sriramabFirefox 58.0.2
,cf06b102-e3c7-4e72-830e-2f41b6d7a139,ad15e864-fff1-443a-b0d4-c17fbf13a53f,Hyper HTTP library,0.10.1,,ad705c59-6893-4980-bdbf-0837f1823cc4,MIT License,PERMISSIVE,"Exact,Files Modified",,DYNAMICALLY_LINKED,true,LOW,Not In Violation,,2/8/18,,,NOT_REVIEWED,,,sriramabFirefox 58.0.2
,be819255-4aa5-4cbe-bced-a6b0784f1258,818536ce-e8cb-4c0a-81a5-8890705d7cbd,WebGL,master-20141113,,00000000-1000-0000-0000-000000000000,License Not Found,UNKNOWN,"Files Added/Deleted,Exact,Files Modified",,DYNAMICALLY_LINKED,true,LOW,Not In Violation,,2/8/18,,,NOT_REVIEWED,,,sriramabFirefox 58.0.2
,9feb51d3-b736-47fa-a8d5-58cf5ba5e99d,c6c776f5-7b2c-44e0-8d6a-ba706d3977fd,RequireJS,2.1.15,,"3d238144-44e6-450e-b523-3defbdaed9dc,ad705c59-6893-4980-bdbf-0837f1823cc4","(BSD 3-clause ""New"" or ""Revised"" License OR MIT License)",PERMISSIVE,Exact,,DYNAMICALLY_LINKED,true,HIGH,Not In Violation,,2/8/18,,,NOT_REVIEWED,,,sriramabFirefox 58.0.2
,ba5d284f-f900-4f7b-8491-db60e18b1bac,74328e00-cacd-4120-8a7a-3d7ca6fc3782,rust-libloading-devel,0.4.3,,14b0b50b-acd2-4fc8-ac65-3b15f9e58260,ISC License,PERMISSIVE,Exact,,DYNAMICALLY_LINKED,true,OK,Not In Violation,,2/8/18,,,NOT_REVIEWED,,,sriramabFirefox 58.0.2
,f1c4799e-d12e-4c3e-a50f-8453bb5333a3,b93daa35-78ff-41ff-b846-7b7a9d0af643,geckodriver,v0.12.0,,ce3dd63e-c569-4cea-986a-46bc5efe9896,Mozilla Public License 2.0,WEAK_RECIPROCAL,Files Modified,,DYNAMICALLY_LINKED,true,LOW,Not In Violation,,2/8/18,,,NOT_REVIEWED,,,sriramabFirefox 58.0.2
,2ac908a5-4990-4d72-997f-79cc1461a147,2e96a1e3-72b0-44fb-b8fc-c03264669108,nota,1.2.1,,ad705c59-6893-4980-bdbf-0837f1823cc4,MIT License,PERMISSIVE,Exact,,DYNAMICALLY_LINKED,true,MEDIUM,Not In Violation,,2/8/18,,,NOT_REVIEWED,,,sriramabFirefox 58.0.2
,903d89f8-cc31-4930-9b1e-0fbfa12ca943,944ffcf8-156e-4e47-bbdf-5efc6a024a90,gl-conformance,1.0.0,,ad705c59-6893-4980-bdbf-0837f1823cc4,MIT License,PERMISSIVE,Exact,,DYNAMICALLY_LINKED,true,MEDIUM,Not In Violation,,2/8/18,,,NOT_REVIEWED,,,sriramabFirefox 58.0.2
,b54e935f-ed03-41c2-8699-8dcf47d8dc31,af203e88-baf7-4155-954a-fd6171c7665f,argparse,1.4.0,,b8cfed1f-6eaa-4dde-9792-a4d02f24d917,Python Software Foundation License 2.3,PERMISSIVE,Exact,,DYNAMICALLY_LINKED,true,OK,Not In Violation,,2/8/18,,,NOT_REVIEWED,,,sriramabFirefox 58.0.2
,31e10fca-c88f-4217-9ddf-8a57bfef2751,618dfcee-6e8d-4ef4-8057-a44d553286f7,react-com,1.0.0,,14b0b50b-acd2-4fc8-ac65-3b15f9e58260,ISC License,PERMISSIVE,Exact,,DYNAMICALLY_LINKED,true,LOW,Not In Violation,,2/8/18,,,NOT_REVIEWED,,,sriramabFirefox 58.0.2
,02f1227b-4836-488d-9505-f7b424c436f8,28909d3e-a820-496b-9faf-f74f6a14f905,Mozilla Firefox,3.0b1,,"d7f120df-c44d-493d-9c5e-03e301e05942,39692bc6-4d1c-4466-a02c-fa6f21170587,cff110eb-f85c-445c-9d3b-00a04b7f4cf0",(GNU General Public License v2.0 or later OR GNU Lesser General Public License v2.1 or later OR Mozilla Public License 1.1),"RECIPROCAL,WEAK_RECIPROCAL","Exact,Files Modified",,DYNAMICALLY_LINKED,true,HIGH,Not In Violation,,2/8/18,,,NOT_REVIEWED,,,sriramabFirefox 58.0.2
,0acbf294-2beb-4858-98a9-70fdc8f04b5c,058680bb-9689-4baf-a464-04221cf6852c,depot,0.1.6,,ad705c59-6893-4980-bdbf-0837f1823cc4,MIT License,PERMISSIVE,Exact,,DYNAMICALLY_LINKED,true,OK,Not In Violation,,2/8/18,,,NOT_REVIEWED,,,sriramabFirefox 58.0.2
,d7ff5a81-7a80-44dd-a02c-95eaba92b427,da35e216-2947-4b2b-9e59-47c1f0d1bcf4,better.js,0.0.8,,ad705c59-6893-4980-bdbf-0837f1823cc4,MIT License,PERMISSIVE,Exact,,DYNAMICALLY_LINKED,true,MEDIUM,Not In Violation,,2/8/18,,,NOT_REVIEWED,,,sriramabFirefox 58.0.2
,db80c33d-d4c4-47e7-a3a4-a749eb3b5d74,153ecc0d-30e5-40f5-b098-c5a62def16a8,Breakpad,20170711-snapshot-01431c2f,,3d238144-44e6-450e-b523-3defbdaed9dc,"BSD 3-clause ""New"" or ""Revised"" License",PERMISSIVE,Exact,,DYNAMICALLY_LINKED,true,OK,Not In Violation,,2/8/18,,,NOT_REVIEWED,,,sriramabFirefox 58.0.2
,d5f5cf09-a565-488f-b10b-f0629fd53230,2a653d7d-6890-46ef-a9d3-2be226d11023,FFmpeg,10.1,,cff110eb-f85c-445c-9d3b-00a04b7f4cf0,GNU Lesser General Public License v2.1 or later,WEAK_RECIPROCAL,Exact,,DYNAMICALLY_LINKED,true,MEDIUM,Not In Violation,,2/8/18,,,NOT_REVIEWED,,,sriramabFirefox 58.0.2
,02f1227b-4836-488d-9505-f7b424c436f8,9ab5e23f-804f-4603-8b7f-79701768fa13,Mozilla Firefox,10.0.10esr,,ce3dd63e-c569-4cea-986a-46bc5efe9896,Mozilla Public License 2.0,WEAK_RECIPROCAL,Exact,,DYNAMICALLY_LINKED,true,HIGH,Not In Violation,,2/8/18,,,NOT_REVIEWED,,,sriramabFirefox 58.0.2
,39ea1ec0-a717-45de-a057-37b733d369ec,4fc5fd66-a0d3-43c6-9ce9-062ac8bbdbd9,icu-data,59.1,,00000000-0010-0000-0000-000000000000,Unknown License,UNKNOWN,"Exact,Files Modified",,DYNAMICALLY_LINKED,true,LOW,Not In Violation,,2/8/18,,,NOT_REVIEWED,,,sriramabFirefox 58.0.2
,cd9f8419-7d43-49a7-a377-4853ae0a5796,d4f3f8c1-97d9-4658-b6a9-d98ae0aed877,Underscore.js,1.8.3,,ad705c59-6893-4980-bdbf-0837f1823cc4,MIT License,PERMISSIVE,Exact,,DYNAMICALLY_LINKED,true,LOW,Not In Violation,,2/8/18,,,NOT_REVIEWED,,,sriramabFirefox 58.0.2
,8389c312-4587-47ed-8faf-f321b359d3ed,e23f058e-9bd1-4e95-ab00-44de4c12ff94,drupal-client,0.2.0,,00000000-1000-0000-0000-000000000000,License Not Found,UNKNOWN,Exact,,DYNAMICALLY_LINKED,true,LOW,Not In Violation,,2/8/18,,,NOT_REVIEWED,,,sriramabFirefox 58.0.2
,6e293d52-7898-42d9-bf81-c65540ee3fb0,dc417ab6-f079-4819-b522-5700ebf279a1,mozdevice,0.50,,ce3dd63e-c569-4cea-986a-46bc5efe9896,Mozilla Public License 2.0,WEAK_RECIPROCAL,Files Modified,,DYNAMICALLY_LINKED,true,LOW,Not In Violation,,2/8/18,,,NOT_REVIEWED,,,sriramabFirefox 58.0.2
,5f626b09-eef7-44a5-8dcc-784c556e92a4,fd449351-f89e-4a54-9033-e014eb326432,jszip,2.2.2,,"ad705c59-6893-4980-bdbf-0837f1823cc4,f80fb9a9-5329-47c2-864d-00ed5cf744bf",(MIT License AND GNU General Public License v3.0 or later),"RECIPROCAL,PERMISSIVE",Exact,,DYNAMICALLY_LINKED,true,HIGH,Not In Violation,,2/8/18,,,NOT_REVIEWED,,,sriramabFirefox 58.0.2
,f3fe97d7-d14f-4c88-9e9e-97e9719810b0,1380bead-b095-4596-a57a-20109db73916,objectmodel,2.4.1,,ad705c59-6893-4980-bdbf-0837f1823cc4,MIT License,PERMISSIVE,Exact,,DYNAMICALLY_LINKED,true,LOW,Not In Violation,,2/8/18,,,NOT_REVIEWED,,,sriramabFirefox 58.0.2
,19a6d47c-7bad-4aa1-82fe-1b02b4d9124f,56eb7321-3b23-4d42-b25b-fdc50c68b1b0,rust-serde_ignored-devel,0.0.4,,"ad705c59-6893-4980-bdbf-0837f1823cc4,7cae335f-1193-421e-92f1-8802b4243e93",(Apache License 2.0 OR MIT License),PERMISSIVE,Files Modified,,DYNAMICALLY_LINKED,true,OK,Not In Violation,,2/8/18,,,NOT_REVIEWED,,,sriramabFirefox 58.0.2
,f03c3a5f-a2c6-43ad-9561-6cd672db8a1f,5966474f-055a-4c1a-841e-8f09b4fc2b35,Lo-Dash,4.17.4,,ad705c59-6893-4980-bdbf-0837f1823cc4,MIT License,PERMISSIVE,Exact,,DYNAMICALLY_LINKED,true,LOW,Not In Violation,,2/8/18,,,NOT_REVIEWED,,,sriramabFirefox 58.0.2
,f1e4ee85-bb62-445a-b16d-3d37a9b95fc1,934ddca5-b471-45f0-be1c-57cdf196b076,mozprofile,0.29,,ce3dd63e-c569-4cea-986a-46bc5efe9896,Mozilla Public License 2.0,WEAK_RECIPROCAL,Files Modified,,DYNAMICALLY_LINKED,true,OK,Not In Violation,,2/8/18,,,NOT_REVIEWED,,,sriramabFirefox 58.0.2
,abb21af2-cb2c-4609-8e86-77fdf4825b1f,14b3fd45-81c8-464d-91da-480590298eb8,microformat-shiv,1.4.0,,ad705c59-6893-4980-bdbf-0837f1823cc4,MIT License,PERMISSIVE,"Exact,Files Modified",,DYNAMICALLY_LINKED,true,LOW,Not In Violation,,2/8/18,,,NOT_REVIEWED,,,sriramabFirefox 58.0.2
,4ac840d0-cf93-4ed3-9d09-335762b7ad23,ef94228d-c345-49a7-9b4f-10eda2098b18,todomvc,0.1.0,,ad705c59-6893-4980-bdbf-0837f1823cc4,MIT License,PERMISSIVE,Exact,,DYNAMICALLY_LINKED,true,HIGH,Not In Violation,,2/8/18,,,NOT_REVIEWED,,,sriramabFirefox 58.0.2
,2f4babaa-4ed9-4eae-bb7c-2220878d4b7e,d3c8e9d0-6af0-453f-8f38-76b48803c48c,webidl2.js,2.0.4,,00000000-0010-0000-0000-000000000000,Unknown License,UNKNOWN,Exact,,DYNAMICALLY_LINKED,true,HIGH,Not In Violation,,2/8/18,,,NOT_REVIEWED,,,sriramabFirefox 58.0.2
,a724c580-2159-4c15-bf9f-69ef62745d7f,aa4b0246-5562-4a3f-9d18-86750fe77a76,reselect,3.0.0,,ad705c59-6893-4980-bdbf-0837f1823cc4,MIT License,PERMISSIVE,Exact,,DYNAMICALLY_LINKED,true,OK,Not In Violation,,2/8/18,,,NOT_REVIEWED,,,sriramabFirefox 58.0.2
,83b9f734-feee-4c7f-94f0-1c168fbecb9a,31442e47-7836-456f-a898-5a7a0178766a,pywebsocket,0.8,,3d238144-44e6-450e-b523-3defbdaed9dc,"BSD 3-clause ""New"" or ""Revised"" License",PERMISSIVE,Exact,,DYNAMICALLY_LINKED,true,HIGH,Not In Violation,,2/8/18,,,NOT_REVIEWED,,,sriramabFirefox 58.0.2
,94002150-3b60-45f6-b719-de49c7e6044e,e16bff80-006f-4313-b139-2786e0289950,CKEditor-CodeMirror-Plugin,v1.17.3,,ad705c59-6893-4980-bdbf-0837f1823cc4,MIT License,PERMISSIVE,Exact,,DYNAMICALLY_LINKED,true,HIGH,Not In Violation,,2/8/18,,,NOT_REVIEWED,,,sriramabFirefox 58.0.2
,e4519f29-73c6-45e3-80b0-e5e8647ed277,a01fefb9-653e-4643-af3a-8cff2b7a0545,jQuery,1.4.2,,ad705c59-6893-4980-bdbf-0837f1823cc4,MIT License,PERMISSIVE,Exact,,DYNAMICALLY_LINKED,true,HIGH,Not In Violation,,2/8/18,,,NOT_REVIEWED,,,sriramabFirefox 58.0.2
,c3265492-26a3-46ad-878f-0173f6f4de7d,6cce1995-0ca5-4b87-b438-7de23a0e2ef1,json-simple,1.1-dfsg1,,7cae335f-1193-421e-92f1-8802b4243e93,Apache License 2.0,PERMISSIVE,Files Modified,,DYNAMICALLY_LINKED,true,HIGH,Not In Violation,,2/8/18,,,NOT_REVIEWED,,,sriramabFirefox 58.0.2
,a9f9dff6-7eaf-4e6d-ae54-72a3ea9b781a,295650e9-1dc3-4669-b7a8-0e9edc0f1b7d,Android - platform - frameworks - base,android-7.0.0_r1,,7cae335f-1193-421e-92f1-8802b4243e93,Apache License 2.0,PERMISSIVE,Exact,,DYNAMICALLY_LINKED,true,LOW,Not In Violation,,2/8/18,,,NOT_REVIEWED,,,sriramabFirefox 58.0.2
,9e598af6-886a-4f34-a16d-c7a019467fc1,10c8a24a-8041-4827-a8ba-58fcdd2d30d5,web-platform-tests,master-20131018,,3d238144-44e6-450e-b523-3defbdaed9dc,"BSD 3-clause ""New"" or ""Revised"" License",PERMISSIVE,"Files Added/Deleted,Exact,Files Modified",,DYNAMICALLY_LINKED,true,OK,Not In Violation,,2/8/18,,,NOT_REVIEWED,,,sriramabFirefox 58.0.2
,caf44de8-d30f-417a-a77c-6b7e3ee2bfc9,2771e2ac-94ca-4547-b172-a3543a8a2fcf,VirtueMart,3.2.2,,39692bc6-4d1c-4466-a02c-fa6f21170587,GNU General Public License v2.0 or later,RECIPROCAL,Exact,,DYNAMICALLY_LINKED,true,LOW,Not In Violation,,2/8/18,,,NOT_REVIEWED,,,sriramabFirefox 58.0.2
,66a571bb-0947-4c43-81c2-76dd652c5140,d8726c4d-142a-4b87-9414-08ae051e51ff,python3-rsa,3.1.4,,7cae335f-1193-421e-92f1-8802b4243e93,Apache License 2.0,PERMISSIVE,Exact,,DYNAMICALLY_LINKED,true,MEDIUM,Not In Violation,,2/8/18,,,NOT_REVIEWED,,,sriramabFirefox 58.0.2
,4d61314d-bde7-41a2-af1b-daea1d8c23b2,acca6fe8-707f-472a-ae54-25fe70236318,jsdom,10.0.0,,ad705c59-6893-4980-bdbf-0837f1823cc4,MIT License,PERMISSIVE,Exact,,DYNAMICALLY_LINKED,true,LOW,Not In Violation,,2/8/18,,,NOT_REVIEWED,,,sriramabFirefox 58.0.2
,31aa1bf0-b633-473e-977d-9baaf2cf5891,aa5aae6f-f61b-4a0c-a44a-dc088d7ee7eb,Mozilla NSS,3.34.0,,ce3dd63e-c569-4cea-986a-46bc5efe9896,Mozilla Public License 2.0,WEAK_RECIPROCAL,"Exact,Exact",,DYNAMICALLY_LINKED,true,LOW,Not In Violation,,2/8/18,,,NOT_REVIEWED,,,sriramabFirefox 58.0.2
,3f13c0ed-9889-406a-91fd-3695b1a597a4,298b4feb-ced2-4f4f-8c79-fbd2b96d6bb4,pkijs,1.3.11,,3d238144-44e6-450e-b523-3defbdaed9dc,"BSD 3-clause ""New"" or ""Revised"" License",PERMISSIVE,Exact,,DYNAMICALLY_LINKED,true,LOW,Not In Violation,,2/8/18,,,NOT_REVIEWED,,,sriramabFirefox 58.0.2
,aad251ef-aa7d-4272-8208-e34b40767723,73070e79-8fc4-4df5-a5d7-d9bb1e85914a,director,1.2.0,,ad705c59-6893-4980-bdbf-0837f1823cc4,MIT License,PERMISSIVE,Exact,,DYNAMICALLY_LINKED,true,HIGH,Not In Violation,,2/8/18,,,NOT_REVIEWED,,,sriramabFirefox 58.0.2
,1d6c99a7-c22e-4112-9eef-6c540e9fa162,0a7c5e51-3255-4d3f-8252-5346ea8bb63a,React from Facebook,15.4.2,,c08ce128-5a2f-4d9f-b73d-89702e142efd,Facebook BSD License with Patent Provision,PERMISSIVE,Exact,,DYNAMICALLY_LINKED,true,LOW,Not In Violation,,2/8/18,,,NOT_REVIEWED,,,sriramabFirefox 58.0.2
,d769d4e9-5304-4687-9fc5-823dda8149ea,791deb55-3000-4abe-beff-8b38b127471b,Android - platform - external - chromium_org - testing - gtest,android-5.0.0_r1,,3d238144-44e6-450e-b523-3defbdaed9dc,"BSD 3-clause ""New"" or ""Revised"" License",PERMISSIVE,Files Modified,,DYNAMICALLY_LINKED,true,MEDIUM,Not In Violation,,2/8/18,,,NOT_REVIEWED,,,sriramabFirefox 58.0.2
,59dfaec1-aca8-4c50-bcf0-f24bef6b9d69,5a21c776-ebb5-464d-aed3-88d71c90e5a0,react-bower,v0.4.0,,7cae335f-1193-421e-92f1-8802b4243e93,Apache License 2.0,PERMISSIVE,Exact,,DYNAMICALLY_LINKED,true,HIGH,Not In Violation,,2/8/18,,,NOT_REVIEWED,,,sriramabFirefox 58.0.2
,2dedd3bc-beca-4bc8-97a7-2c7fce3bdb25,5020771f-8760-4ec1-b8f1-51066aa8b88d,jpm,1.0.5,,ce3dd63e-c569-4cea-986a-46bc5efe9896,Mozilla Public License 2.0,WEAK_RECIPROCAL,Exact,,DYNAMICALLY_LINKED,true,MEDIUM,Not In Violation,,2/8/18,,,NOT_REVIEWED,,,sriramabFirefox 58.0.2
,e2be4f0c-1da8-4f97-a3b7-c7d1e25578f5,042fe4ce-aa3b-4d66-ba49-a3fb574e00ee,Camlistore,20180111-snapshot-c42fd33f,,7cae335f-1193-421e-92f1-8802b4243e93,Apache License 2.0,PERMISSIVE,Exact,,DYNAMICALLY_LINKED,true,OK,Not In Violation,,2/8/18,,,NOT_REVIEWED,,,sriramabFirefox 58.0.2
,1e75208a-5cff-4300-825a-e8199f40512d,8d3d7c69-56c2-434d-b2c3-195d63a901c4,rust-bincode0.8-devel,0.8.0,,ad705c59-6893-4980-bdbf-0837f1823cc4,MIT License,PERMISSIVE,"Exact,Files Modified",,DYNAMICALLY_LINKED,true,OK,Not In Violation,,2/8/18,,,NOT_REVIEWED,,,sriramabFirefox 58.0.2
,50b11cf7-bb6c-4d2b-86bd-c4c43548ef76,751544ba-3bab-4802-ada6-5bb41aee8660,py.test,3.1.3,,ad705c59-6893-4980-bdbf-0837f1823cc4,MIT License,PERMISSIVE,Exact,,DYNAMICALLY_LINKED,true,LOW,Not In Violation,,2/8/18,,,NOT_REVIEWED,,,sriramabFirefox 58.0.2
,ca433569-ea2e-4c78-b53d-106843ec1f58,b24e0d79-8360-4298-9416-2033add64d73,Apache HttpComponents Core,4.3.1,,7cae335f-1193-421e-92f1-8802b4243e93,Apache License 2.0,PERMISSIVE,Files Modified,,DYNAMICALLY_LINKED,true,HIGH,Not In Violation,,2/8/18,,,NOT_REVIEWED,,,sriramabFirefox 58.0.2
,112a4ce3-ad8a-46cf-bf1e-413b67f602ac,50807f78-e760-4bbb-8943-e143dc485ea7,gyp,0.1,,3d238144-44e6-450e-b523-3defbdaed9dc,"BSD 3-clause ""New"" or ""Revised"" License",PERMISSIVE,"Exact,Files Modified",,DYNAMICALLY_LINKED,true,OK,Not In Violation,,2/8/18,,,NOT_REVIEWED,,,sriramabFirefox 58.0.2
,e3764442-2b64-4de4-934e-14adad34c656,9415ccff-2185-4999-bf47-8cc30af23d61,hiipack,1.0.0,,14b0b50b-acd2-4fc8-ac65-3b15f9e58260,ISC License,PERMISSIVE,Exact,,DYNAMICALLY_LINKED,true,LOW,Not In Violation,,2/8/18,,,NOT_REVIEWED,,,sriramabFirefox 58.0.2
,f9937852-2a8b-479c-8cf9-d2e6c40043fd,ea0b888f-21ee-4390-9eda-a9dd7a46e9cc,libvpx-debuginfo,1.6.1,,3d238144-44e6-450e-b523-3defbdaed9dc,"BSD 3-clause ""New"" or ""Revised"" License",PERMISSIVE,"Exact,Files Modified",,DYNAMICALLY_LINKED,true,OK,Not In Violation,,2/8/18,,,NOT_REVIEWED,,,sriramabFirefox 58.0.2
,928d5354-a7c6-4372-bbce-0465db72f80e,a14e2dd6-c648-4537-887b-055ee8867c60,angular-route,1.6.5,,ad705c59-6893-4980-bdbf-0837f1823cc4,MIT License,PERMISSIVE,Exact,,DYNAMICALLY_LINKED,true,LOW,Not In Violation,,2/8/18,,,NOT_REVIEWED,,,sriramabFirefox 58.0.2
,e4519f29-73c6-45e3-80b0-e5e8647ed277,c9756b91-c82e-44e7-842f-1e1f9fc327a2,jQuery,2.1.1,,ad705c59-6893-4980-bdbf-0837f1823cc4,MIT License,PERMISSIVE,Exact,,DYNAMICALLY_LINKED,true,MEDIUM,Not In Violation,,2/8/18,,,NOT_REVIEWED,,,sriramabFirefox 58.0.2
,eca46c0e-c4fd-46e2-9187-fa6b877e7a1b,9c8194c4-bd88-40d2-8f00-db9a754ebec7,Mozilla Releng All,20150908-snapshot-c0de097a,,ce3dd63e-c569-4cea-986a-46bc5efe9896,Mozilla Public License 2.0,WEAK_RECIPROCAL,"Exact,Exact,Files Modified",,DYNAMICALLY_LINKED,true,MEDIUM,Not In Violation,,2/8/18,,,NOT_REVIEWED,,,sriramabFirefox 58.0.2
,9878504a-4cf1-4c4e-af10-5839f9bdddda,91ce39aa-ae68-4fe3-ab39-cc44a93921a8,react-router,4.0.0-beta.6,,ad705c59-6893-4980-bdbf-0837f1823cc4,MIT License,PERMISSIVE,Exact,,DYNAMICALLY_LINKED,true,LOW,Not In Violation,,2/8/18,,,NOT_REVIEWED,,,sriramabFirefox 58.0.2
,d8069a92-4314-4cc5-bf82-d62372805a41,96ca73c0-904f-4660-82c0-fe268fa15dc4,memorystorage,0.11.0,,27e99305-0410-4234-a7a5-e7efa1801cfd,Creative Commons Attribution 4.0,PERMISSIVE,Exact,,DYNAMICALLY_LINKED,true,OK,Not In Violation,,2/8/18,,,NOT_REVIEWED,,,sriramabFirefox 58.0.2
,2f7423db-8be5-4756-8f7b-b5daeeaf3b25,ca6a8299-73ce-4e99-9bc5-732d43a851a8,nspr,4.17.0,,ce3dd63e-c569-4cea-986a-46bc5efe9896,Mozilla Public License 2.0,WEAK_RECIPROCAL,Exact,,DYNAMICALLY_LINKED,true,OK,Not In Violation,,2/8/18,,,NOT_REVIEWED,,,sriramabFirefox 58.0.2
,fb6f631d-bd7f-4b61-b19a-650bceff82c9,6954efff-eee4-4490-9111-02833f350463,python-hglib,2.3,,ad705c59-6893-4980-bdbf-0837f1823cc4,MIT License,PERMISSIVE,Exact,,DYNAMICALLY_LINKED,true,LOW,Not In Violation,,2/8/18,,,NOT_REVIEWED,,,sriramabFirefox 58.0.2
,cd9f8419-7d43-49a7-a377-4853ae0a5796,9b57860c-9d3d-4c89-857d-869cfde650e6,Underscore.js,0.5.5,,ad705c59-6893-4980-bdbf-0837f1823cc4,MIT License,PERMISSIVE,Exact,,DYNAMICALLY_LINKED,true,HIGH,Not In Violation,,2/8/18,,,NOT_REVIEWED,,,sriramabFirefox 58.0.2
,e4519f29-73c6-45e3-80b0-e5e8647ed277,c43969d9-8035-4076-b448-c73483c61b84,jQuery,3.1.1,,ad705c59-6893-4980-bdbf-0837f1823cc4,MIT License,PERMISSIVE,Exact,,DYNAMICALLY_LINKED,true,LOW,Not In Violation,,2/8/18,,,NOT_REVIEWED,,,sriramabFirefox 58.0.2
,1dd30afc-69b6-450f-b52f-f7c757fef842,951ec06e-b6ec-4fdc-98d7-b2550252a14a,FindBugs jsr305,1.3.9,,7cae335f-1193-421e-92f1-8802b4243e93,Apache License 2.0,PERMISSIVE,Exact,,DYNAMICALLY_LINKED,true,HIGH,Not In Violation,,2/8/18,,,NOT_REVIEWED,,,sriramabFirefox 58.0.2
,29a78105-9f2b-40b5-8661-22c7c36c7666,aecb2b3f-8631-4433-b1d6-f53e6ab0202a,Backbone.js,1.3.3,,ad705c59-6893-4980-bdbf-0837f1823cc4,MIT License,PERMISSIVE,Exact,,DYNAMICALLY_LINKED,true,HIGH,Not In Violation,,2/8/18,,,NOT_REVIEWED,,,sriramabFirefox 58.0.2
,f0d55bf9-7ebc-4b0c-be61-4abf8c712ab1,7b8eba17-3c9c-4c3c-ae5e-800fceb78cf3,gl-rs,gl-v0.6.0,,7cae335f-1193-421e-92f1-8802b4243e93,Apache License 2.0,PERMISSIVE,Files Modified,,DYNAMICALLY_LINKED,true,LOW,Not In Violation,,2/8/18,,,NOT_REVIEWED,,,sriramabFirefox 58.0.2
,09b302ca-f1a1-4a5f-b8a0-dbf02fc73f1f,495f0fe5-0f2d-44d8-8c52-988f7b8f5456,brotli,1.0.1,,ad705c59-6893-4980-bdbf-0837f1823cc4,MIT License,PERMISSIVE,Exact,,DYNAMICALLY_LINKED,true,LOW,Not In Violation,,2/8/18,,,NOT_REVIEWED,,,sriramabFirefox 58.0.2
,52e543ea-eaf5-4d07-beea-27d71cc97366,b060aefb-df35-40b8-a98e-3c7a8bf8db17,Flight.js,v1.0.2,,ad705c59-6893-4980-bdbf-0837f1823cc4,MIT License,PERMISSIVE,Files Modified,,DYNAMICALLY_LINKED,true,HIGH,Not In Violation,,2/8/18,,,NOT_REVIEWED,,,sriramabFirefox 58.0.2
,acda00ae-8f01-4e61-8af9-1d65b2aff137,52dd628c-1675-4ee0-ba55-523d4efb957a,DataONE,20170228-snapshot-7f656187,,00000000-1000-0000-0000-000000000000,License Not Found,UNKNOWN,Exact,,DYNAMICALLY_LINKED,true,LOW,Not In Violation,,2/8/18,,,NOT_REVIEWED,,,sriramabFirefox 58.0.2
,aa50bd26-e494-4ec9-a34e-0c501ce68bdc,228b39d3-b55d-4916-8de7-4c1039e0ef16,Apache HttpComponents Client,4.3.6,,7cae335f-1193-421e-92f1-8802b4243e93,Apache License 2.0,PERMISSIVE,Files Modified,,DYNAMICALLY_LINKED,true,MEDIUM,Not In Violation,,2/8/18,,,NOT_REVIEWED,,,sriramabFirefox 58.0.2
,991878f5-cf51-45a6-bcb6-c9cf9ad2b2c9,12efdf6e-ca78-4882-9a74-2a7aa154beba,yuki-remove-dialog-title,0.1.2,,ad705c59-6893-4980-bdbf-0837f1823cc4,MIT License,PERMISSIVE,Exact,,DYNAMICALLY_LINKED,true,OK,Not In Violation,,2/8/18,,,NOT_REVIEWED,,,sriramabFirefox 58.0.2
,60d94529-7300-42be-8471-a7685a5f4b50,e694a9e1-5024-412c-b612-086156a0d472,Sphinx-Python Documentation Generator,1.2.1,,cc875133-df38-4806-9921-473e0ef01a87,"BSD 2-clause ""Simplified"" License",PERMISSIVE,Exact,,DYNAMICALLY_LINKED,true,HIGH,Not In Violation,,2/8/18,,,NOT_REVIEWED,,,sriramabFirefox 58.0.2
,de8aa6f0-d9bd-48a4-ac49-f0abc04f1b6c,95627663-cd9f-4642-8ea8-bd7af9f9b9b2,comet-dev,0.3.5,,14b0b50b-acd2-4fc8-ac65-3b15f9e58260,ISC License,PERMISSIVE,Exact,,DYNAMICALLY_LINKED,true,OK,Not In Violation,,2/8/18,,,NOT_REVIEWED,,,sriramabFirefox 58.0.2
,e99bff9f-764d-4c99-bc50-47b217ccdd41,2b4fdb2b-2598-4d50-8905-809455fb6add,todomvc-common,1.0.4,,ad705c59-6893-4980-bdbf-0837f1823cc4,MIT License,PERMISSIVE,Exact,,DYNAMICALLY_LINKED,true,OK,Not In Violation,,2/8/18,,,NOT_REVIEWED,,,sriramabFirefox 58.0.2
,f9a41061-b302-4caf-a0fd-69821c0234a5,db6bf609-3de8-4b64-80b9-fd34a88fc582,depot.js,v0.1.6,,ad705c59-6893-4980-bdbf-0837f1823cc4,MIT License,PERMISSIVE,Exact,,DYNAMICALLY_LINKED,true,HIGH,Not In Violation,,2/8/18,,,NOT_REVIEWED,,,sriramabFirefox 58.0.2
,9ea2ca27-c3d4-4c42-a42a-31d69844554c,da70a30e-ab24-4fcd-b217-ce5cd0c61b54,compare-locales,2.1,,ce3dd63e-c569-4cea-986a-46bc5efe9896,Mozilla Public License 2.0,WEAK_RECIPROCAL,"Exact,Files Modified",,DYNAMICALLY_LINKED,true,LOW,Not In Violation,,2/8/18,,,NOT_REVIEWED,,,sriramabFirefox 58.0.2
,c54b21a0-883a-4a09-a0c9-c40a5710e770,c31f8ba6-cd8c-4950-8ee2-1f72cddc88b1,JSON-CPP,1.8.0,,d26bcb7d-5bc8-4f05-8942-a3a42728a2e4,Public Domain,PERMISSIVE,Exact,,DYNAMICALLY_LINKED,true,LOW,Not In Violation,,2/8/18,,,NOT_REVIEWED,,,sriramabFirefox 58.0.2
,351f2b1e-2700-4776-b51d-fedc944a050c,f0b28016-e305-404b-8d12-06ab622b063e,mozilla,4.13.1,,ce3dd63e-c569-4cea-986a-46bc5efe9896,Mozilla Public License 2.0,WEAK_RECIPROCAL,Files Modified,,DYNAMICALLY_LINKED,true,LOW,Not In Violation,,2/8/18,,,NOT_REVIEWED,,,sriramabFirefox 58.0.2
,23d89c13-10ea-4373-82d3-38cc05543113,c070cba6-b209-4975-bbae-64f2773e0582,jdescottes-devtools-launchpad,0.10.0,,ce3dd63e-c569-4cea-986a-46bc5efe9896,Mozilla Public License 2.0,WEAK_RECIPROCAL,Exact,,DYNAMICALLY_LINKED,true,LOW,Not In Violation,,2/8/18,,,NOT_REVIEWED,,,sriramabFirefox 58.0.2
,7d59fbda-ea9f-46f0-8d45-22a1506dd30c,be8b616b-578c-43fc-add5-3d12f5e60ef7,Jython,2.7.1b3,,afad3f04-5597-4c94-823c-54b7a5f3db6a,Jython License,PERMISSIVE,Exact,,DYNAMICALLY_LINKED,true,MEDIUM,Not In Violation,,2/8/18,,,NOT_REVIEWED,,,sriramabFirefox 58.0.2
,e4519f29-73c6-45e3-80b0-e5e8647ed277,39afcf81-6a09-4189-92d1-0d15527f5415,jQuery,1.2.3,,"ad705c59-6893-4980-bdbf-0837f1823cc4,39692bc6-4d1c-4466-a02c-fa6f21170587",(GNU General Public License v2.0 or later AND MIT License),"RECIPROCAL,PERMISSIVE",Exact,,DYNAMICALLY_LINKED,true,HIGH,Not In Violation,,2/8/18,,,NOT_REVIEWED,,,sriramabFirefox 58.0.2
,0da99762-1b11-4524-9de7-2bb8df1f719c,387eaf91-ee9e-4634-b272-0c8bb2694934,FeedTools,0.2.29+dfsg1,,ad705c59-6893-4980-bdbf-0837f1823cc4,MIT License,PERMISSIVE,Exact,,DYNAMICALLY_LINKED,true,HIGH,Not In Violation,,2/8/18,,,NOT_REVIEWED,,,sriramabFirefox 58.0.2
,72b5d8b8-b7c2-48a4-9006-845241c2d6d8,446f3497-6ef7-404b-ab61-28f5802efad0,xul-ext-lightbeam,1.3.0+dfsg,,ce3dd63e-c569-4cea-986a-46bc5efe9896,Mozilla Public License 2.0,WEAK_RECIPROCAL,"Files Added/Deleted,Exact",,DYNAMICALLY_LINKED,true,OK,Not In Violation,,2/8/18,,,NOT_REVIEWED,,,sriramabFirefox 58.0.2
,e4519f29-73c6-45e3-80b0-e5e8647ed277,43343719-b598-4948-93ee-a0e2b149d1e5,jQuery,1.4.0,,"ad705c59-6893-4980-bdbf-0837f1823cc4,39692bc6-4d1c-4466-a02c-fa6f21170587",(GNU General Public License v2.0 or later OR MIT License),"RECIPROCAL,PERMISSIVE",Exact,,DYNAMICALLY_LINKED,true,HIGH,Not In Violation,,2/8/18,,,NOT_REVIEWED,,,sriramabFirefox 58.0.2
,d32d3c01-d906-46d8-ba63-60bc1c03acf2,eaf40286-4772-4fe5-b147-dc40aa32afd5,mozjs52,52.2.1,,00000000-0010-0000-0000-000000000000,Unknown License,UNKNOWN,"Files Added/Deleted,Exact,Files Modified",,DYNAMICALLY_LINKED,true,LOW,Not In Violation,,2/8/18,,,NOT_REVIEWED,,,sriramabFirefox 58.0.2
,9eb01aae-64b9-4c5e-a012-434ecd893732,a6eb56aa-f8b7-45a7-9f55-708485d79351,vue-address,0.0.4,,00000000-0010-0000-0000-000000000000,Unknown License,UNKNOWN,Exact,,DYNAMICALLY_LINKED,true,OK,Not In Violation,,2/8/18,,,NOT_REVIEWED,,,sriramabFirefox 58.0.2
,351f2b1e-2700-4776-b51d-fedc944a050c,bfd0c75d-f723-440a-b5b8-1060de2c9919,mozilla,1.7.8,,ce3dd63e-c569-4cea-986a-46bc5efe9896,Mozilla Public License 2.0,WEAK_RECIPROCAL,Exact,,DYNAMICALLY_LINKED,true,HIGH,Not In Violation,,2/8/18,,,NOT_REVIEWED,,,sriramabFirefox 58.0.2
,046a2840-b751-4a5c-9156-3c96c301dca1,b3979c0b-251d-4af9-9e5b-967103bc6b4e,fluent,0.4.2,,00000000-0010-0000-0000-000000000000,Unknown License,UNKNOWN,Exact,,DYNAMICALLY_LINKED,true,LOW,Not In Violation,,2/8/18,,,NOT_REVIEWED,,,sriramabFirefox 58.0.2
,b0631326-afde-4e6a-bd97-b324f1bd9720,f9b60336-e305-4737-9ae2-9b031c960b49,firefox,58.0+build6,,00000000-0010-0000-0000-000000000000,Unknown License,UNKNOWN,"Exact,Files Modified",,DYNAMICALLY_LINKED,true,LOW,Not In Violation,,2/8/18,,,NOT_REVIEWED,,,sriramabFirefox 58.0.2
,e4519f29-73c6-45e3-80b0-e5e8647ed277,4c7d4b2e-082e-461f-a27b-c3ba3908edb8,jQuery,1.8.3,,ad705c59-6893-4980-bdbf-0837f1823cc4,MIT License,PERMISSIVE,Exact,,DYNAMICALLY_LINKED,true,HIGH,Not In Violation,,2/8/18,,,NOT_REVIEWED,,,sriramabFirefox 58.0.2
,311cd3ac-8ee5-4020-af4d-ac4aa070b4fa,1bf3939b-a110-47f7-ae87-40396d97fe25,Visionmedia Debug,2008,,3d238144-44e6-450e-b523-3defbdaed9dc,"BSD 3-clause ""New"" or ""Revised"" License",PERMISSIVE,Exact,,DYNAMICALLY_LINKED,true,LOW,Not In Violation,,2/8/18,,,NOT_REVIEWED,,,sriramabFirefox 58.0.2
,99621289-f24a-41d5-a530-384150d5253b,3c5fa240-c0d5-45cb-8c2f-36fd5a9c505f,BabelJs,unknown,,ad705c59-6893-4980-bdbf-0837f1823cc4,MIT License,PERMISSIVE,Exact,,DYNAMICALLY_LINKED,true,MEDIUM,Not In Violation,,2/8/18,,,NOT_REVIEWED,,,sriramabFirefox 58.0.2
,e4519f29-73c6-45e3-80b0-e5e8647ed277,7a25e428-b068-4222-a68a-48854d289eb7,jQuery,1.6.0,,"ad705c59-6893-4980-bdbf-0837f1823cc4,39692bc6-4d1c-4466-a02c-fa6f21170587",(GNU General Public License v2.0 or later OR MIT License),"RECIPROCAL,PERMISSIVE",Exact,,DYNAMICALLY_LINKED,true,HIGH,Not In Violation,,2/8/18,,,NOT_REVIEWED,,,sriramabFirefox 58.0.2
,2a9f1ec9-9ed2-4f03-82fb-17f798fd074f,dd822123-88cd-4f99-ad7a-c904e184e451,ember-cli-open,0.1.0,,ad705c59-6893-4980-bdbf-0837f1823cc4,MIT License,PERMISSIVE,Files Modified,,DYNAMICALLY_LINKED,true,LOW,Not In Violation,,2/8/18,,,NOT_REVIEWED,,,sriramabFirefox 58.0.2
,e6f11d26-cab7-402a-953c-60f539f02289,153dbf6a-84da-4691-94ed-3c45377c3cd4,seeds-base,14.0.1,,7cae335f-1193-421e-92f1-8802b4243e93,Apache License 2.0,PERMISSIVE,Exact,,DYNAMICALLY_LINKED,true,MEDIUM,Not In Violation,,2/8/18,,,NOT_REVIEWED,,,sriramabFirefox 58.0.2
,ef0e7e5b-4388-46cd-85c6-6cbf1ec04636,14918f92-d577-452f-a1c3-071fa2b3a88b,babel-standalone,6.21.0,,ad705c59-6893-4980-bdbf-0837f1823cc4,MIT License,PERMISSIVE,Exact,,DYNAMICALLY_LINKED,true,LOW,Not In Violation,,2/8/18,,,NOT_REVIEWED,,,sriramabFirefox 58.0.2
,9feb51d3-b736-47fa-a8d5-58cf5ba5e99d,602c3293-b68f-4aff-8e4d-66b1ecfb014c,RequireJS,2.1.2,,"3d238144-44e6-450e-b523-3defbdaed9dc,ad705c59-6893-4980-bdbf-0837f1823cc4","(BSD 3-clause ""New"" or ""Revised"" License OR MIT License)",PERMISSIVE,Exact,,DYNAMICALLY_LINKED,true,HIGH,Not In Violation,,2/8/18,,,NOT_REVIEWED,,,sriramabFirefox 58.0.2
,2e9927ea-76c9-45c3-ab79-016dd43a8521,846e8a99-38d1-43b0-964a-b3252a0ea9bb,python-pyasn1,0.3.7,,3d238144-44e6-450e-b523-3defbdaed9dc,"BSD 3-clause ""New"" or ""Revised"" License",PERMISSIVE,Exact,,DYNAMICALLY_LINKED,true,OK,Not In Violation,,2/8/18,,,NOT_REVIEWED,,,sriramabFirefox 58.0.2
,7d43d4ac-bc45-4d39-81da-913231606976,cc21fadd-ce1a-44bf-ae0d-6e91570273c7,Debian Multimedia,9.11,,00000000-0010-0000-0000-000000000000,Unknown License,UNKNOWN,Exact,,DYNAMICALLY_LINKED,true,MEDIUM,Not In Violation,,2/8/18,,,NOT_REVIEWED,,,sriramabFirefox 58.0.2
,dd1f55ac-a686-4f62-8d03-52b563d7cd8a,acd5f5f9-5534-4162-9735-65f00135756a,Bootstrap (Twitter),2.2.2,,7cae335f-1193-421e-92f1-8802b4243e93,Apache License 2.0,PERMISSIVE,Exact,,DYNAMICALLY_LINKED,true,HIGH,Not In Violation,,2/8/18,,,NOT_REVIEWED,,,sriramabFirefox 58.0.2
,26449ce2-f481-4ffa-adda-14bc28816ff4,1ae6b110-82a1-407a-abc5-51e71808d50b,angular-cli,1.0.2,,14b0b50b-acd2-4fc8-ac65-3b15f9e58260,ISC License,PERMISSIVE,Exact,,DYNAMICALLY_LINKED,true,LOW,Not In Violation,,2/8/18,,,NOT_REVIEWED,,,sriramabFirefox 58.0.2
,a4067480-c96d-4f18-9195-3d8c1d576243,81a7c9e4-8f40-48a0-b957-77e9e1dbf2ba,minimongo-cache,0.0.49,,9aa0050b-acd5-43c3-ae8d-0b10e7070e18,GNU Lesser General Public License v3.0 only,WEAK_RECIPROCAL,Exact,,DYNAMICALLY_LINKED,true,OK,Not In Violation,,2/8/18,,,NOT_REVIEWED,,,sriramabFirefox 58.0.2
,f35f8f0d-a67f-42a5-9010-b9fc6fe1919f,f985031e-7b43-45fd-9601-51dbbe3173ea,Ext JS,2.2,,"521cff06-c1be-4895-b5c8-accdf15238b6,174aa349-58a0-4f0f-98aa-7fcd84ae11bd",(Ext JS Commercial License OR Ext Exception to GPL 3.0 for Applications),"RECIPROCAL,PERMISSIVE",Exact,,DYNAMICALLY_LINKED,true,HIGH,Not In Violation,,2/8/18,,,NOT_REVIEWED,,,sriramabFirefox 58.0.2
,b6089d8e-346a-493c-891d-64d1635085e7,0140fd89-3adf-448a-87d4-dfe15f653051,rust-libudev,0.2.0,,ad705c59-6893-4980-bdbf-0837f1823cc4,MIT License,PERMISSIVE,Exact,,DYNAMICALLY_LINKED,true,OK,Not In Violation,,2/8/18,,,NOT_REVIEWED,,,sriramabFirefox 58.0.2
,4ba554fb-83b2-4d8b-9c2a-58f06cb2a974,e0162bba-2f74-45c0-b49d-deded0241b65,react-dom-future,15.4.1,,c08ce128-5a2f-4d9f-b73d-89702e142efd,Facebook BSD License with Patent Provision,PERMISSIVE,Exact,,DYNAMICALLY_LINKED,true,OK,Not In Violation,,2/8/18,,,NOT_REVIEWED,,,sriramabFirefox 58.0.2
,1f174b65-62e2-4d82-91f4-4261650f8c08,6e007c0a-56fe-4f8f-9132-bd05f9a0e8ae,ExoPlayer,r2.4.0,,7cae335f-1193-421e-92f1-8802b4243e93,Apache License 2.0,PERMISSIVE,Exact,,DYNAMICALLY_LINKED,true,OK,Not In Violation,,2/8/18,,,NOT_REVIEWED,,,sriramabFirefox 58.0.2
,7aec12f5-6039-4480-9bbd-ff50075958d9,2e7a1973-a7df-41ce-b11c-b94a9a30969d,eslint-plugin-mozilla,0.4.8,,ce3dd63e-c569-4cea-986a-46bc5efe9896,Mozilla Public License 2.0,WEAK_RECIPROCAL,Exact,,DYNAMICALLY_LINKED,true,LOW,Not In Violation,,2/8/18,,,NOT_REVIEWED,,,sriramabFirefox 58.0.2
,02f1227b-4836-488d-9505-f7b424c436f8,568f1750-9d85-422a-b235-766d9008d8b1,Mozilla Firefox,3.0,,"d7f120df-c44d-493d-9c5e-03e301e05942,39692bc6-4d1c-4466-a02c-fa6f21170587,cff110eb-f85c-445c-9d3b-00a04b7f4cf0",(GNU General Public License v2.0 or later OR GNU Lesser General Public License v2.1 or later OR Mozilla Public License 1.1),"RECIPROCAL,WEAK_RECIPROCAL","Exact,Files Modified",,DYNAMICALLY_LINKED,true,HIGH,Not In Violation,,2/8/18,,,NOT_REVIEWED,,,sriramabFirefox 58.0.2
,a5d14046-900a-462e-bdef-1eeb8f7544ae,a75c343d-4212-4c56-8aa9-8ac0d6fcc024,ember-app-scheduler,0.2.0,,ad705c59-6893-4980-bdbf-0837f1823cc4,MIT License,PERMISSIVE,Exact,,DYNAMICALLY_LINKED,true,OK,Not In Violation,,2/8/18,,,NOT_REVIEWED,,,sriramabFirefox 58.0.2
,ca4d28e1-3b02-439b-ae2a-acfea97b6055,806e6913-8936-4048-bae4-780439a1a05c,high5,1.0.0,,3d238144-44e6-450e-b523-3defbdaed9dc,"BSD 3-clause ""New"" or ""Revised"" License",PERMISSIVE,Exact,,DYNAMICALLY_LINKED,true,OK,Not In Violation,,2/8/18,,,NOT_REVIEWED,,,sriramabFirefox 58.0.2
,f36ae713-e016-4642-a122-c26247fae3a5,8db3425e-91cf-4b52-86ab-6d7a4f3efcf5,D3.js,3.4.2,,3d238144-44e6-450e-b523-3defbdaed9dc,"BSD 3-clause ""New"" or ""Revised"" License",PERMISSIVE,Exact,,DYNAMICALLY_LINKED,true,MEDIUM,Not In Violation,,2/8/18,,,NOT_REVIEWED,,,sriramabFirefox 58.0.2
,7c38c3b1-ce23-4286-a187-fe782ed0e1f9,1a6be3c3-0468-4a9e-9e3c-d324a78d98ef,core-chart-js,0.0.3,,ad705c59-6893-4980-bdbf-0837f1823cc4,MIT License,PERMISSIVE,Exact,,DYNAMICALLY_LINKED,true,LOW,Not In Violation,,2/8/18,,,NOT_REVIEWED,,,sriramabFirefox 58.0.2
,5598af5f-f8e6-4345-a6a2-8ef042e33351,8ff577c1-f8b5-4854-9479-77312d721460,ICU for Java,59.1,,836a0767-e481-4f09-9b87-0fb53432519b,ICU License,PERMISSIVE,"Exact,Files Modified",,DYNAMICALLY_LINKED,true,LOW,Not In Violation,,2/8/18,,,NOT_REVIEWED,,,sriramabFirefox 58.0.2
,351f2b1e-2700-4776-b51d-fedc944a050c,229a19c6-1baf-4079-84ab-c311f89c3924,mozilla,38.3.0,,ce3dd63e-c569-4cea-986a-46bc5efe9896,Mozilla Public License 2.0,WEAK_RECIPROCAL,"Exact,Files Modified",,DYNAMICALLY_LINKED,true,MEDIUM,Not In Violation,,2/8/18,,,NOT_REVIEWED,,,sriramabFirefox 58.0.2
,f002d968-afd8-42f9-a302-acb0b12960bb,462b4724-7d39-4d82-a44c-0324e1089f62,raven-js,3.18.1,,cc875133-df38-4806-9921-473e0ef01a87,"BSD 2-clause ""Simplified"" License",PERMISSIVE,Exact,,DYNAMICALLY_LINKED,true,LOW,Not In Violation,,2/8/18,,,NOT_REVIEWED,,,sriramabFirefox 58.0.2
,1186be6a-b9a6-469f-913a-9e9467f14d50,0407200e-e54a-47b9-8f39-0fbed406ad31,The FreeType Project,2.8,,"3d238144-44e6-450e-b523-3defbdaed9dc,d26bcb7d-5bc8-4f05-8942-a3a42728a2e4,ad705c59-6893-4980-bdbf-0837f1823cc4","(BSD 3-clause ""New"" or ""Revised"" License AND MIT License AND Public Domain)",PERMISSIVE,"Exact,Files Modified",,DYNAMICALLY_LINKED,true,LOW,Not In Violation,,2/8/18,,,NOT_REVIEWED,,,sriramabFirefox 58.0.2
,563d1a83-7bf7-4dee-8f63-e9dbb808d49c,19951ea5-d28e-4ed9-8889-1ed34d0b1e5e,voluptuous,0.9.1,,3d238144-44e6-450e-b523-3defbdaed9dc,"BSD 3-clause ""New"" or ""Revised"" License",PERMISSIVE,Files Modified,,DYNAMICALLY_LINKED,true,HIGH,Not In Violation,,2/8/18,,,NOT_REVIEWED,,,sriramabFirefox 58.0.2
,0ecdc00d-0910-4a0a-9375-c2c7358bb4d5,c8866246-5490-4779-b209-2f87982ced62,rust-encoding_rs,0.7.1,,"ad705c59-6893-4980-bdbf-0837f1823cc4,7cae335f-1193-421e-92f1-8802b4243e93",(Apache License 2.0 OR MIT License),PERMISSIVE,Exact,,DYNAMICALLY_LINKED,true,OK,Not In Violation,,2/8/18,,,NOT_REVIEWED,,,sriramabFirefox 58.0.2
,d53ed5ab-d59e-44a1-908f-64ea99798cc4,10df6dc9-033a-48cc-929f-88075fa9aa35,opus codec,1.2,,3d238144-44e6-450e-b523-3defbdaed9dc,"BSD 3-clause ""New"" or ""Revised"" License",PERMISSIVE,Exact,,DYNAMICALLY_LINKED,true,LOW,Not In Violation,,2/8/18,,,NOT_REVIEWED,,,sriramabFirefox 58.0.2
,dc3dee66-4939-4dea-b22f-ead288b4f117,b6a80dfd-605f-4e39-9549-a238e0e02d07,Apache Commons Codec,1.5,,7cae335f-1193-421e-92f1-8802b4243e93,Apache License 2.0,PERMISSIVE,Files Modified,,DYNAMICALLY_LINKED,true,HIGH,Not In Violation,,2/8/18,,,NOT_REVIEWED,,,sriramabFirefox 58.0.2
,81eede57-3a4e-4cf4-aa81-9a718071786e,90112c66-7731-44ff-9b10-2853eedcd10d,python-py,1.4.31,,"d26bcb7d-5bc8-4f05-8942-a3a42728a2e4,ad705c59-6893-4980-bdbf-0837f1823cc4",(MIT License AND Public Domain),PERMISSIVE,Exact,,DYNAMICALLY_LINKED,true,MEDIUM,Not In Violation,,2/8/18,,,NOT_REVIEWED,,,sriramabFirefox 58.0.2
,7af0aee7-b940-44c7-af1a-02a669114a9b,14a1ca90-81b9-421a-9d00-0a15b83e075b,firefox_puppeteer,52.1.0,,ce3dd63e-c569-4cea-986a-46bc5efe9896,Mozilla Public License 2.0,WEAK_RECIPROCAL,Files Modified,,DYNAMICALLY_LINKED,true,OK,Not In Violation,,2/8/18,,,NOT_REVIEWED,,,sriramabFirefox 58.0.2
,7d59fbda-ea9f-46f0-8d45-22a1506dd30c,a2e9a3aa-da0d-4d75-b3fa-719a27349e9f,Jython,2.7.1,,afad3f04-5597-4c94-823c-54b7a5f3db6a,Jython License,PERMISSIVE,Exact,,DYNAMICALLY_LINKED,true,LOW,Not In Violation,,2/8/18,,,NOT_REVIEWED,,,sriramabFirefox 58.0.2
,8b3b433e-ce2c-449a-bc15-822882e5c668,648003aa-c281-401b-b70f-54eca4ef0302,mozilla-lightbeam,1.3.1,,"3d238144-44e6-450e-b523-3defbdaed9dc,ad705c59-6893-4980-bdbf-0837f1823cc4,7cae335f-1193-421e-92f1-8802b4243e93,a2b22d60-6069-4170-9c9c-12fa97565fa6,ce3dd63e-c569-4cea-986a-46bc5efe9896","(BSD 3-clause ""New"" or ""Revised"" License AND Apache License 2.0 AND SIL Open Font License 1.1 AND MIT License AND Mozilla Public License 2.0)","WEAK_RECIPROCAL,PERMISSIVE","Files Added/Deleted,Exact",,DYNAMICALLY_LINKED,true,LOW,Not In Violation,,2/8/18,,,NOT_REVIEWED,,,sriramabFirefox 58.0.2
,570a789c-f682-455d-8b63-3a11f9db2e9d,1c229aac-4db1-4f09-a853-4365752eabc8,gyp,0.1+20150913git1f374df9,,3d238144-44e6-450e-b523-3defbdaed9dc,"BSD 3-clause ""New"" or ""Revised"" License",PERMISSIVE,Exact,,DYNAMICALLY_LINKED,true,HIGH,Not In Violation,,2/8/18,,,NOT_REVIEWED,,,sriramabFirefox 58.0.2
,6c360023-3ac1-4f28-904f-1451c2604182,6fcf492c-997d-4b2f-bbde-7b073332c12b,WP Editor.MD,2.3,,f80fb9a9-5329-47c2-864d-00ed5cf744bf,GNU General Public License v3.0 or later,RECIPROCAL,Exact,,DYNAMICALLY_LINKED,true,LOW,Not In Violation,,2/8/18,,,NOT_REVIEWED,,,sriramabFirefox 58.0.2
,9cbed26c-0fdf-4a4f-94b3-ec71888cd6d1,cd0f1c35-338c-479f-b459-eea6907492ed,Chromium (Google Chrome),r99232,,3d238144-44e6-450e-b523-3defbdaed9dc,"BSD 3-clause ""New"" or ""Revised"" License",PERMISSIVE,"Exact,Files Modified",,DYNAMICALLY_LINKED,true,HIGH,Not In Violation,,2/8/18,,,NOT_REVIEWED,,,sriramabFirefox 58.0.2
,ec765ef3-f68d-4a2b-af56-69fb51cd29d8,951271bc-53d8-4079-9dbd-5c6a89036e90,es5-shim,2.3.0,,ad705c59-6893-4980-bdbf-0837f1823cc4,MIT License,PERMISSIVE,Exact,,DYNAMICALLY_LINKED,true,HIGH,Not In Violation,,2/8/18,,,NOT_REVIEWED,,,sriramabFirefox 58.0.2
,953dabba-2972-4b92-935d-98629d055b05,79eb0cb0-ef33-43ad-8564-370398003265,psutil,3.1.1,,3d238144-44e6-450e-b523-3defbdaed9dc,"BSD 3-clause ""New"" or ""Revised"" License",PERMISSIVE,Exact,,DYNAMICALLY_LINKED,true,MEDIUM,Not In Violation,,2/8/18,,,NOT_REVIEWED,,,sriramabFirefox 58.0.2
,aad251ef-aa7d-4272-8208-e34b40767723,078c388f-ee30-41dd-adae-7646f430ab82,director,1.2.8,,ad705c59-6893-4980-bdbf-0837f1823cc4,MIT License,PERMISSIVE,Exact,,DYNAMICALLY_LINKED,true,LOW,Not In Violation,,2/8/18,,,NOT_REVIEWED,,,sriramabFirefox 58.0.2
,5f626b09-eef7-44a5-8dcc-784c556e92a4,f65d7cc2-bdce-4d9e-b9b6-fae7fe8069b8,jszip,3.1.3,,"ad705c59-6893-4980-bdbf-0837f1823cc4,f5135f7b-f17e-473a-839b-3ea12860f761",(MIT License OR GNU General Public License v3.0 only),"RECIPROCAL,PERMISSIVE",Exact,,DYNAMICALLY_LINKED,true,HIGH,Not In Violation,,2/8/18,,,NOT_REVIEWED,,,sriramabFirefox 58.0.2
,2f4babaa-4ed9-4eae-bb7c-2220878d4b7e,0dff1ee5-d733-427e-9310-a59898273a61,webidl2.js,v2.4.0,,ad705c59-6893-4980-bdbf-0837f1823cc4,MIT License,PERMISSIVE,"Files Added/Deleted,Exact,Exact",,DYNAMICALLY_LINKED,true,LOW,Not In Violation,,2/8/18,,,NOT_REVIEWED,,,sriramabFirefox 58.0.2
,7f4540f3-0224-40fb-9830-9ef9057e6be2,200c072b-c6ec-49be-b48e-a7732ca494f7,Jprotobuf,1.8.1,,7cae335f-1193-421e-92f1-8802b4243e93,Apache License 2.0,PERMISSIVE,Exact,,DYNAMICALLY_LINKED,true,MEDIUM,Not In Violation,,2/8/18,,,NOT_REVIEWED,,,sriramabFirefox 58.0.2
,38d075de-2309-453c-965d-d1d7fdc04fd6,d85f5fd0-aaea-4f7c-8564-d90b8219a142,Thunderbird,31.6.0+build1,,"0289ba34-8fe7-41db-82e0-49c28b9c2414,ce3dd63e-c569-4cea-986a-46bc5efe9896,fecf595c-3184-47f4-92f9-1a32ab46a8f1",(GNU General Public License v2.0 only OR Mozilla Public License 2.0 OR GNU Lesser General Public License v2.1 only),"RECIPROCAL,WEAK_RECIPROCAL","Files Added/Deleted,Exact,Exact,Files Modified",,DYNAMICALLY_LINKED,true,MEDIUM,Not In Violation,,2/8/18,,,NOT_REVIEWED,,,sriramabFirefox 58.0.2
,9ead649b-a838-4853-bb63-d7c94c610da9,af79f92b-d8d2-423b-a20f-28c75c3793ab,localstorage-memory,1.0.2,,ad705c59-6893-4980-bdbf-0837f1823cc4,MIT License,PERMISSIVE,Exact,,DYNAMICALLY_LINKED,true,OK,Not In Violation,,2/8/18,,,NOT_REVIEWED,,,sriramabFirefox 58.0.2
,9e598af6-886a-4f34-a16d-c7a019467fc1,7f16a1a5-5139-4859-91f4-93dd555d90cd,web-platform-tests,historic-csswg-test-master,,3d238144-44e6-450e-b523-3defbdaed9dc,"BSD 3-clause ""New"" or ""Revised"" License",PERMISSIVE,"Files Added/Deleted,Exact,Files Modified",,DYNAMICALLY_LINKED,true,OK,Not In Violation,,2/8/18,,,NOT_REVIEWED,,,sriramabFirefox 58.0.2
,b3b14937-efb0-445c-bbcd-7b50c3ad0915,5c3878bb-ee51-40fd-b1f3-ff0d1a9ccab4,es5-shim,2.0.5,,ad705c59-6893-4980-bdbf-0837f1823cc4,MIT License,PERMISSIVE,"Exact,Files Modified",,DYNAMICALLY_LINKED,true,OK,Not In Violation,,2/8/18,,,NOT_REVIEWED,,,sriramabFirefox 58.0.2
,0fadc7ac-3a33-4cd2-a73b-b4148d8008c6,cd3db6a6-cf80-4c26-9ffd-18fe37a884e6,jquery-mockjax,2.2.2,,ad705c59-6893-4980-bdbf-0837f1823cc4,MIT License,PERMISSIVE,Exact,,DYNAMICALLY_LINKED,true,HIGH,Not In Violation,,2/8/18,,,NOT_REVIEWED,,,sriramabFirefox 58.0.2
,365f90fa-fc56-4d6b-b52f-b89168176e51,5e65b2c2-cec2-46be-a290-2ac97513915e,cram,0.7,,0289ba34-8fe7-41db-82e0-49c28b9c2414,GNU General Public License v2.0 only,RECIPROCAL,Files Modified,,DYNAMICALLY_LINKED,true,OK,Not In Violation,,2/8/18,,,NOT_REVIEWED,,,sriramabFirefox 58.0.2
,68c6a009-7377-423a-8f1c-67ba1d93d3ea,40ddd388-631f-4578-9dcd-6d6e34548376,rust-bytes,0.4.5,,"ad705c59-6893-4980-bdbf-0837f1823cc4,7cae335f-1193-421e-92f1-8802b4243e93",(Apache License 2.0 OR MIT License),PERMISSIVE,Exact,,DYNAMICALLY_LINKED,true,OK,Not In Violation,,2/8/18,,,NOT_REVIEWED,,,sriramabFirefox 58.0.2
,86efd6ee-aaeb-4eb2-9abf-91c41ecf5cdf,6fa52e10-b631-4308-8ba3-002a1177f405,rust-time-devel,0.1.38,,"ad705c59-6893-4980-bdbf-0837f1823cc4,7cae335f-1193-421e-92f1-8802b4243e93",(Apache License 2.0 OR MIT License),PERMISSIVE,Exact,,DYNAMICALLY_LINKED,true,OK,Not In Violation,,2/8/18,,,NOT_REVIEWED,,,sriramabFirefox 58.0.2
,8d28dff1-5ab8-4213-abe3-55e60ae519ca,72c2c67d-f62a-4757-b314-21048a58e1c1,libevent - an event notification library,release-2.1.7-rc,,3d238144-44e6-450e-b523-3defbdaed9dc,"BSD 3-clause ""New"" or ""Revised"" License",PERMISSIVE,"Exact,Files Modified",,DYNAMICALLY_LINKED,true,LOW,Not In Violation,,2/8/18,,,NOT_REVIEWED,,,sriramabFirefox 58.0.2
,98990693-7a1d-4918-bd07-e67b3a97f893,c34ffd38-052f-434c-af6b-184a88f401e0,pip,8.1.2,,ad705c59-6893-4980-bdbf-0837f1823cc4,MIT License,PERMISSIVE,Exact,,DYNAMICALLY_LINKED,true,LOW,Not In Violation,,2/8/18,,,NOT_REVIEWED,,,sriramabFirefox 58.0.2
,52e543ea-eaf5-4d07-beea-27d71cc97366,1430ae2e-fc90-4ff6-9834-2bf8d921212b,Flight.js,v1.0.7,,ad705c59-6893-4980-bdbf-0837f1823cc4,MIT License,PERMISSIVE,Exact,,DYNAMICALLY_LINKED,true,HIGH,Not In Violation,,2/8/18,,,NOT_REVIEWED,,,sriramabFirefox 58.0.2
,bf2cbbdd-0e1a-4e12-9471-309d01074201,efb0bd8c-9c9c-461f-a2f7-9c2d846a8755,eslint-config-defaults,3.0.0,,ad705c59-6893-4980-bdbf-0837f1823cc4,MIT License,PERMISSIVE,Exact,,DYNAMICALLY_LINKED,true,MEDIUM,Not In Violation,,2/8/18,,,NOT_REVIEWED,,,sriramabFirefox 58.0.2
,7ad2abda-a34a-4e7c-bac4-63359fc715cb,6c1fa1a6-554d-49ec-bd69-5b366400b09a,rust-mio-devel,0.6.12,,ad705c59-6893-4980-bdbf-0837f1823cc4,MIT License,PERMISSIVE,Files Modified,,DYNAMICALLY_LINKED,true,OK,Not In Violation,,2/8/18,,,NOT_REVIEWED,,,sriramabFirefox 58.0.2
,708f4c7f-6415-4b9e-89fd-ee8c53f75a76,c558cc66-c108-471d-802f-7ed24c21b824,node-http2,3.3.2,,ad705c59-6893-4980-bdbf-0837f1823cc4,MIT License,PERMISSIVE,Files Modified,,DYNAMICALLY_LINKED,true,HIGH,Not In Violation,,2/8/18,,,NOT_REVIEWED,,,sriramabFirefox 58.0.2
,b2a5f0ab-36cd-4c6c-a1ad-0be04fa4ad88,370003a4-ff1a-4888-9afe-e0e3daf481d8,python-codespeak-lib,1.4.31,,19bd4215-a4d4-4ffe-8e54-fcd9558d4e96,Expat License,PERMISSIVE,"Exact,Files Modified",,DYNAMICALLY_LINKED,true,MEDIUM,Not In Violation,,2/8/18,,,NOT_REVIEWED,,,sriramabFirefox 58.0.2
,f9cdc2bf-735f-4992-bf68-50b52df8abfd,5f15d7b8-b0cd-474a-9ed6-26a7a2ab25bb,args4j,2.0.26,,ad705c59-6893-4980-bdbf-0837f1823cc4,MIT License,PERMISSIVE,Exact,,DYNAMICALLY_LINKED,true,HIGH,Not In Violation,,2/8/18,,,NOT_REVIEWED,,,sriramabFirefox 58.0.2
,aa06f2c2-0561-4bd3-8ad4-b70ab7f3b7d5,6594bf58-05fd-4ed2-b256-c687cb5b99b9,rust-siphasher-devel,0.2.2,,"ad705c59-6893-4980-bdbf-0837f1823cc4,7cae335f-1193-421e-92f1-8802b4243e93",(Apache License 2.0 OR MIT License),PERMISSIVE,Files Modified,,DYNAMICALLY_LINKED,true,OK,Not In Violation,,2/8/18,,,NOT_REVIEWED,,,sriramabFirefox 58.0.2
,81d98107-28eb-4735-83a4-b08a2ef59533,bc17d0bf-fbc1-4010-bd71-9e6fcb9d926a,MyBB - Bulletin Board,1.8.13,,bf913382-7596-42ad-8385-2f49fa655362,GNU Lesser General Public License v3.0 or later,WEAK_RECIPROCAL,Exact,,DYNAMICALLY_LINKED,true,OK,Not In Violation,,2/8/18,,,NOT_REVIEWED,,,sriramabFirefox 58.0.2
,2015c4d1-9731-40eb-a399-076160ae0e17,13616728-e807-4cfe-b148-1c3bb4dbb5d5,davanmonet,1.1.0,,00000000-0010-0000-0000-000000000000,Unknown License,UNKNOWN,Exact,,DYNAMICALLY_LINKED,true,LOW,Not In Violation,,2/8/18,,,NOT_REVIEWED,,,sriramabFirefox 58.0.2
,3a654c31-fa90-44c5-ad72-5ca56ed4b355,972eca2c-ad99-4337-9197-83afebc49940,angular-resource,1.6.5,,ad705c59-6893-4980-bdbf-0837f1823cc4,MIT License,PERMISSIVE,Exact,,DYNAMICALLY_LINKED,true,LOW,Not In Violation,,2/8/18,,,NOT_REVIEWED,,,sriramabFirefox 58.0.2
,b39bde71-cc84-45c0-8b4e-960ab0f920c3,337745e0-0448-4298-83bb-01a315f1dbe6,SILGraphite: rendering non-roman scripts,1.3.10,,"00000000-0010-0000-0000-000000000000,cb3238d3-5a3e-4506-a6e2-5054a6f07cdf,39692bc6-4d1c-4466-a02c-fa6f21170587,ce3dd63e-c569-4cea-986a-46bc5efe9896",(Unknown License AND ((Unknown License OR GNU General Public License v2.0 or later OR GNU Library General Public License v2 or later) AND (GNU General Public License v2.0 or later OR GNU Library General Public License v2 or later OR Mozilla Public License 2.0))),"RECIPROCAL,WEAK_RECIPROCAL,UNKNOWN",Exact,,DYNAMICALLY_LINKED,true,HIGH,Not In Violation,,2/8/18,,,NOT_REVIEWED,,,sriramabFirefox 58.0.2
,d3b7c5f4-5823-4e78-999f-aff90dcb62c2,916b31aa-6e7e-4946-8cd7-6d154e976fb3,marionette_driver,2.2.0,,ce3dd63e-c569-4cea-986a-46bc5efe9896,Mozilla Public License 2.0,WEAK_RECIPROCAL,Files Modified,,DYNAMICALLY_LINKED,true,LOW,Not In Violation,,2/8/18,,,NOT_REVIEWED,,,sriramabFirefox 58.0.2
,cb13f19f-1568-4d4d-acdc-17511004fdd3,0142e488-3f01-42c2-94b5-8970c1937511,eslint-config-proteus,0.0.1,,00000000-0010-0000-0000-000000000000,Unknown License,UNKNOWN,Exact,,DYNAMICALLY_LINKED,true,MEDIUM,Not In Violation,,2/8/18,,,NOT_REVIEWED,,,sriramabFirefox 58.0.2
,ec765ef3-f68d-4a2b-af56-69fb51cd29d8,22981fd3-1945-410a-8c93-ddb915ed65f5,es5-shim,2.0.0,,ad705c59-6893-4980-bdbf-0837f1823cc4,MIT License,PERMISSIVE,Exact,,DYNAMICALLY_LINKED,true,HIGH,Not In Violation,,2/8/18,,,NOT_REVIEWED,,,sriramabFirefox 58.0.2
,340737dc-6501-424e-a334-afd7c17bc122,7031c769-3e3f-4a93-8138-42fad2a5971f,setuptools,25.2.0,,ad705c59-6893-4980-bdbf-0837f1823cc4,MIT License,PERMISSIVE,"Exact,Exact",,DYNAMICALLY_LINKED,true,HIGH,Not In Violation,,2/8/18,,,NOT_REVIEWED,,,sriramabFirefox 58.0.2
,9c666a3c-b7f2-43c4-bf3f-828e9c2f2406,21677379-11c1-452c-a609-ce4ac4fed525,pip,8.1.2,,ad705c59-6893-4980-bdbf-0837f1823cc4,MIT License,PERMISSIVE,Exact,,DYNAMICALLY_LINKED,true,LOW,Not In Violation,,2/8/18,,,NOT_REVIEWED,,,sriramabFirefox 58.0.2
,1d6c99a7-c22e-4112-9eef-6c540e9fa162,8eab4d5f-8037-41a3-9592-1b1a6e749dbf,React from Facebook,15.5.4,,c08ce128-5a2f-4d9f-b73d-89702e142efd,Facebook BSD License with Patent Provision,PERMISSIVE,Exact,,DYNAMICALLY_LINKED,true,LOW,Not In Violation,,2/8/18,,,NOT_REVIEWED,,,sriramabFirefox 58.0.2
,e7f3f0f4-60eb-40a1-8ccb-10b7053de3bb,e1d7e849-ce7f-47ac-a06a-95aa636514d3,Android - platform - external - sfntly,android-6.0.0_r1,,7cae335f-1193-421e-92f1-8802b4243e93,Apache License 2.0,PERMISSIVE,"Files Added/Deleted,Files Modified",,DYNAMICALLY_LINKED,true,MEDIUM,Not In Violation,,2/8/18,,,NOT_REVIEWED,,,sriramabFirefox 58.0.2
,4ba554fb-83b2-4d8b-9c2a-58f06cb2a974,e922143c-b006-47c1-b78e-7b05e8114f72,react-dom-future,15.3.1,,c08ce128-5a2f-4d9f-b73d-89702e142efd,Facebook BSD License with Patent Provision,PERMISSIVE,Exact,,DYNAMICALLY_LINKED,true,OK,Not In Violation,,2/8/18,,,NOT_REVIEWED,,,sriramabFirefox 58.0.2
,f36ae713-e016-4642-a122-c26247fae3a5,39f2575f-791b-4039-9e11-cacab7417fcc,D3.js,3.5.3,,3d238144-44e6-450e-b523-3defbdaed9dc,"BSD 3-clause ""New"" or ""Revised"" License",PERMISSIVE,Exact,,DYNAMICALLY_LINKED,true,MEDIUM,Not In Violation,,2/8/18,,,NOT_REVIEWED,,,sriramabFirefox 58.0.2
,e5d83b1c-1e80-42fb-9b01-0e9788dcb6de,9f55481c-d499-40aa-a29d-7c7eeb8d4dac,lazo-todomvc,1.0.4,,ad705c59-6893-4980-bdbf-0837f1823cc4,MIT License,PERMISSIVE,Files Modified,,DYNAMICALLY_LINKED,true,MEDIUM,Not In Violation,,2/8/18,,,NOT_REVIEWED,,,sriramabFirefox 58.0.2
,e34e5aa5-c195-4857-8ed3-a79f13648cf4,c01ce8c7-c182-4aaf-bc13-9bfefca04ed1,rust-phf-devel,0.7.21,,ad705c59-6893-4980-bdbf-0837f1823cc4,MIT License,PERMISSIVE,Files Modified,,DYNAMICALLY_LINKED,true,OK,Not In Violation,,2/8/18,,,NOT_REVIEWED,,,sriramabFirefox 58.0.2
,b6a2c96e-da10-40a7-956c-0abfa9043b45,8225f2c6-5973-44af-b14c-2341be045dc0,rust-bytes-devel,0.4.5,,"ad705c59-6893-4980-bdbf-0837f1823cc4,7cae335f-1193-421e-92f1-8802b4243e93",(Apache License 2.0 OR MIT License),PERMISSIVE,Exact,,DYNAMICALLY_LINKED,true,OK,Not In Violation,,2/8/18,,,NOT_REVIEWED,,,sriramabFirefox 58.0.2
,50dbd10c-f438-44c1-820a-76d5c9bd28e8,c9cccc1c-ca65-426f-a2e8-817872334966,firefox_ui_harness,1.3.0,,ce3dd63e-c569-4cea-986a-46bc5efe9896,Mozilla Public License 2.0,WEAK_RECIPROCAL,Files Modified,,DYNAMICALLY_LINKED,true,OK,Not In Violation,,2/8/18,,,NOT_REVIEWED,,,sriramabFirefox 58.0.2
,23d89c13-10ea-4373-82d3-38cc05543113,deede2c5-5220-4f21-b092-be4c7f528ecc,jdescottes-devtools-launchpad,0.2.0,,ce3dd63e-c569-4cea-986a-46bc5efe9896,Mozilla Public License 2.0,WEAK_RECIPROCAL,Exact,,DYNAMICALLY_LINKED,true,LOW,Not In Violation,,2/8/18,,,NOT_REVIEWED,,,sriramabFirefox 58.0.2
,00593ad8-d817-4d18-bdfc-03f0f5a9ca64,e619f8b4-a82e-431d-80d9-47379f1b7873,rust-iovec,0.1.1,,"ad705c59-6893-4980-bdbf-0837f1823cc4,7cae335f-1193-421e-92f1-8802b4243e93",(Apache License 2.0 OR MIT License),PERMISSIVE,Files Modified,,DYNAMICALLY_LINKED,true,OK,Not In Violation,,2/8/18,,,NOT_REVIEWED,,,sriramabFirefox 58.0.2
,9b9d32f9-5169-4ac1-ad56-15a3ab287881,f58edf97-889b-439f-95a8-6257611e1c18,Redux JS,v3.7.0,,"ad705c59-6893-4980-bdbf-0837f1823cc4,a7c69599-62b6-4d06-9ec6-ea688c041c00",(Creative Commons Zero v1.0 Universal AND MIT License),PERMISSIVE,Exact,,DYNAMICALLY_LINKED,true,LOW,Not In Violation,,2/8/18,,,NOT_REVIEWED,,,sriramabFirefox 58.0.2
,f03c3a5f-a2c6-43ad-9561-6cd672db8a1f,f539d826-3dc6-44c0-ab77-552a0ef8c1d2,Lo-Dash,0.10.0,,ad705c59-6893-4980-bdbf-0837f1823cc4,MIT License,PERMISSIVE,Exact,,DYNAMICALLY_LINKED,true,HIGH,Not In Violation,,2/8/18,,,NOT_REVIEWED,,,sriramabFirefox 58.0.2
,c0860baf-4f87-4073-bef4-634621338bdd,127fb744-9cbc-48dd-9bf3-9a87d6c74731,Handlebars.js,4.0.6,,ad705c59-6893-4980-bdbf-0837f1823cc4,MIT License,PERMISSIVE,Exact,,DYNAMICALLY_LINKED,true,LOW,Not In Violation,,2/8/18,,,NOT_REVIEWED,,,sriramabFirefox 58.0.2
,874b318d-f357-4950-b893-00c591ef75f6,87607266-2b76-4cd2-a1e5-f87ab2d56716,generator-vue-webpack,1.0.0,,14b0b50b-acd2-4fc8-ac65-3b15f9e58260,ISC License,PERMISSIVE,Exact,,DYNAMICALLY_LINKED,true,LOW,Not In Violation,,2/8/18,,,NOT_REVIEWED,,,sriramabFirefox 58.0.2
,f08576ab-2dd5-4b24-906e-2238fd45607b,f7add284-412b-4415-a688-0b7992237479,three.js,r44,,ad705c59-6893-4980-bdbf-0837f1823cc4,MIT License,PERMISSIVE,Exact,,DYNAMICALLY_LINKED,true,HIGH,Not In Violation,,2/8/18,,,NOT_REVIEWED,,,sriramabFirefox 58.0.2
,9adf3d8e-5d1a-4a6a-8cd6-407f18ee396d,8119a6ac-6bcd-4df7-b950-4f39f0b1f45b,python-wheel,0.29.0,,ad705c59-6893-4980-bdbf-0837f1823cc4,MIT License,PERMISSIVE,Exact,,DYNAMICALLY_LINKED,true,HIGH,Not In Violation,,2/8/18,,,NOT_REVIEWED,,,sriramabFirefox 58.0.2
,e4519f29-73c6-45e3-80b0-e5e8647ed277,603176f7-3dde-4a67-b1ad-8a18f2db677f,jQuery,1.11.1,,ad705c59-6893-4980-bdbf-0837f1823cc4,MIT License,PERMISSIVE,Exact,,DYNAMICALLY_LINKED,true,MEDIUM,Not In Violation,,2/8/18,,,NOT_REVIEWED,,,sriramabFirefox 58.0.2
,4ba554fb-83b2-4d8b-9c2a-58f06cb2a974,b86a4c37-df0e-4bd6-8660-dabd620134ed,react-dom-future,0.4.0,,ad705c59-6893-4980-bdbf-0837f1823cc4,MIT License,PERMISSIVE,Exact,,DYNAMICALLY_LINKED,true,HIGH,Not In Violation,,2/8/18,,,NOT_REVIEWED,,,sriramabFirefox 58.0.2
,e4519f29-73c6-45e3-80b0-e5e8647ed277,ca7dfdcb-4e97-4bfb-a97c-a207b48e2a5c,jQuery,1.7.1,,ad705c59-6893-4980-bdbf-0837f1823cc4,MIT License,PERMISSIVE,Exact,,DYNAMICALLY_LINKED,true,HIGH,Not In Violation,,2/8/18,,,NOT_REVIEWED,,,sriramabFirefox 58.0.2
,53e4f886-0c03-407c-8703-1f86151ab64f,58efc1f3-7ff5-492d-9649-8ae00636d3d6,Classycle,1.4.1,,3d238144-44e6-450e-b523-3defbdaed9dc,"BSD 3-clause ""New"" or ""Revised"" License",PERMISSIVE,Exact,,DYNAMICALLY_LINKED,true,HIGH,Not In Violation,,2/8/18,,,NOT_REVIEWED,,,sriramabFirefox 58.0.2
