Component id,Version id,Origin id,Component name,Component version name,Component origin version name,Match type,Match content,Path,Archive context,Usage,Adjusted,Component policy status,Overridden By,Origin name,Origin name id
2aaf9344-3d47-4543-9292-b24478bdfdf5,4c670d53-4d3a-46c2-b5da-bfad25a4b004,,skia,20171203-snapshot-79ee7393,,Exact,,platform_tools,,DYNAMICALLY_LINKED,false,,,,
2aaf9344-3d47-4543-9292-b24478bdfdf5,4c670d53-4d3a-46c2-b5da-bfad25a4b004,,skia,20171203-snapshot-79ee7393,,Exact,,dm,,DYNAMICALLY_LINKED,false,,,,
2aaf9344-3d47-4543-9292-b24478bdfdf5,4c670d53-4d3a-46c2-b5da-bfad25a4b004,,skia,20171203-snapshot-79ee7393,,Exact,,src/gpu/gl/builders/,,DYNAMICALLY_LINKED,false,,,,
2aaf9344-3d47-4543-9292-b24478bdfdf5,4c670d53-4d3a-46c2-b5da-bfad25a4b004,,skia,20171203-snapshot-79ee7393,,Exact,,src/pdf/,,DYNAMICALLY_LINKED,false,,,,
2aaf9344-3d47-4543-9292-b24478bdfdf5,4c670d53-4d3a-46c2-b5da-bfad25a4b004,,skia,20171203-snapshot-79ee7393,,Exact,,src/gpu/ccpr/,,DYNAMICALLY_LINKED,false,,,,
2aaf9344-3d47-4543-9292-b24478bdfdf5,4c670d53-4d3a-46c2-b5da-bfad25a4b004,,skia,20171203-snapshot-79ee7393,,Exact,,experimental/docs/svgBackend.js,,DYNAMICALLY_LINKED,false,,,,
2aaf9344-3d47-4543-9292-b24478bdfdf5,4c670d53-4d3a-46c2-b5da-bfad25a4b004,,skia,20171203-snapshot-79ee7393,,Exact,,experimental/docs/interpolatorFunctions.js,,DYNAMICALLY_LINKED,false,,,,
2aaf9344-3d47-4543-9292-b24478bdfdf5,4c670d53-4d3a-46c2-b5da-bfad25a4b004,,skia,20171203-snapshot-79ee7393,,Exact,,experimental/docs/animationCommon.js,,DYNAMICALLY_LINKED,false,,,,
2aaf9344-3d47-4543-9292-b24478bdfdf5,4c670d53-4d3a-46c2-b5da-bfad25a4b004,,skia,20171203-snapshot-79ee7393,,Files Modified,,src/sksl/,,DYNAMICALLY_LINKED,false,,,,
2aaf9344-3d47-4543-9292-b24478bdfdf5,4c670d53-4d3a-46c2-b5da-bfad25a4b004,,skia,20171203-snapshot-79ee7393,,Exact,,src/effects/,,DYNAMICALLY_LINKED,false,,,,
2aaf9344-3d47-4543-9292-b24478bdfdf5,4c670d53-4d3a-46c2-b5da-bfad25a4b004,,skia,20171203-snapshot-79ee7393,,Exact,,src/jumper/,,DYNAMICALLY_LINKED,false,,,,
2aaf9344-3d47-4543-9292-b24478bdfdf5,4c670d53-4d3a-46c2-b5da-bfad25a4b004,,skia,20171203-snapshot-79ee7393,,Exact,,src/xps/,,DYNAMICALLY_LINKED,false,,,,
2aaf9344-3d47-4543-9292-b24478bdfdf5,4c670d53-4d3a-46c2-b5da-bfad25a4b004,,skia,20171203-snapshot-79ee7393,,Exact,,src/sfnt/,,DYNAMICALLY_LINKED,false,,,,
2aaf9344-3d47-4543-9292-b24478bdfdf5,4c670d53-4d3a-46c2-b5da-bfad25a4b004,,skia,20171203-snapshot-79ee7393,,Exact,,src/xml/,,DYNAMICALLY_LINKED,false,,,,
2aaf9344-3d47-4543-9292-b24478bdfdf5,4c670d53-4d3a-46c2-b5da-bfad25a4b004,,skia,20171203-snapshot-79ee7393,,Files Modified,,src/pathops/,,DYNAMICALLY_LINKED,false,,,,
2aaf9344-3d47-4543-9292-b24478bdfdf5,4c670d53-4d3a-46c2-b5da-bfad25a4b004,,skia,20171203-snapshot-79ee7393,,Exact,,experimental/docs/utilities.js,,DYNAMICALLY_LINKED,false,,,,
2aaf9344-3d47-4543-9292-b24478bdfdf5,4c670d53-4d3a-46c2-b5da-bfad25a4b004,,skia,20171203-snapshot-79ee7393,,Exact,,src/gpu/glsl/,,DYNAMICALLY_LINKED,false,,,,
2aaf9344-3d47-4543-9292-b24478bdfdf5,4c670d53-4d3a-46c2-b5da-bfad25a4b004,,skia,20171203-snapshot-79ee7393,,Exact,,experimental/docs/canvasBackend.js,,DYNAMICALLY_LINKED,false,,,,
2aaf9344-3d47-4543-9292-b24478bdfdf5,4c670d53-4d3a-46c2-b5da-bfad25a4b004,,skia,20171203-snapshot-79ee7393,,Exact,,src/ports/,,DYNAMICALLY_LINKED,false,,,,
2aaf9344-3d47-4543-9292-b24478bdfdf5,4c670d53-4d3a-46c2-b5da-bfad25a4b004,,skia,20171203-snapshot-79ee7393,,Exact,,src/gpu/text/,,DYNAMICALLY_LINKED,false,,,,
2aaf9344-3d47-4543-9292-b24478bdfdf5,4c670d53-4d3a-46c2-b5da-bfad25a4b004,,skia,20171203-snapshot-79ee7393,,Exact,,experimental/docs/backend.js,,DYNAMICALLY_LINKED,false,,,,
2aaf9344-3d47-4543-9292-b24478bdfdf5,4c670d53-4d3a-46c2-b5da-bfad25a4b004,,skia,20171203-snapshot-79ee7393,,Files Modified,,fuzz,,DYNAMICALLY_LINKED,false,,,,
2aaf9344-3d47-4543-9292-b24478bdfdf5,4c670d53-4d3a-46c2-b5da-bfad25a4b004,,skia,20171203-snapshot-79ee7393,,Files Modified,,src/shaders/,,DYNAMICALLY_LINKED,false,,,,
2aaf9344-3d47-4543-9292-b24478bdfdf5,4c670d53-4d3a-46c2-b5da-bfad25a4b004,,skia,20171203-snapshot-79ee7393,,Exact,,src/gpu/mock/,,DYNAMICALLY_LINKED,false,,,,
2aaf9344-3d47-4543-9292-b24478bdfdf5,4c670d53-4d3a-46c2-b5da-bfad25a4b004,,skia,20171203-snapshot-79ee7393,,Files Modified,,src/opts/,,DYNAMICALLY_LINKED,false,,,,
2aaf9344-3d47-4543-9292-b24478bdfdf5,4c670d53-4d3a-46c2-b5da-bfad25a4b004,,skia,20171203-snapshot-79ee7393,,Exact,,src/pipe/,,DYNAMICALLY_LINKED,false,,,,
2aaf9344-3d47-4543-9292-b24478bdfdf5,4c670d53-4d3a-46c2-b5da-bfad25a4b004,,skia,20171203-snapshot-79ee7393,,Files Modified,,src/atlastext/,,DYNAMICALLY_LINKED,false,,,,
2aaf9344-3d47-4543-9292-b24478bdfdf5,4c670d53-4d3a-46c2-b5da-bfad25a4b004,,skia,20171203-snapshot-79ee7393,,Files Modified,,src/image/,,DYNAMICALLY_LINKED,false,,,,
2aaf9344-3d47-4543-9292-b24478bdfdf5,4c670d53-4d3a-46c2-b5da-bfad25a4b004,,skia,20171203-snapshot-79ee7393,,Exact,,src/gpu/mtl/,,DYNAMICALLY_LINKED,false,,,,
2aaf9344-3d47-4543-9292-b24478bdfdf5,4c670d53-4d3a-46c2-b5da-bfad25a4b004,,skia,20171203-snapshot-79ee7393,,Exact,,src/utils/,,DYNAMICALLY_LINKED,false,,,,
2aaf9344-3d47-4543-9292-b24478bdfdf5,4c670d53-4d3a-46c2-b5da-bfad25a4b004,,skia,20171203-snapshot-79ee7393,,Files Modified,,docs,,DYNAMICALLY_LINKED,false,,,,
2aaf9344-3d47-4543-9292-b24478bdfdf5,4c670d53-4d3a-46c2-b5da-bfad25a4b004,,skia,20171203-snapshot-79ee7393,,Exact,,src/android/,,DYNAMICALLY_LINKED,false,,,,
2aaf9344-3d47-4543-9292-b24478bdfdf5,4c670d53-4d3a-46c2-b5da-bfad25a4b004,,skia,20171203-snapshot-79ee7393,,Exact,,bench,,DYNAMICALLY_LINKED,false,,,,
2aaf9344-3d47-4543-9292-b24478bdfdf5,4c670d53-4d3a-46c2-b5da-bfad25a4b004,,skia,20171203-snapshot-79ee7393,,Exact,,bin,,DYNAMICALLY_LINKED,false,,,,
2aaf9344-3d47-4543-9292-b24478bdfdf5,4c670d53-4d3a-46c2-b5da-bfad25a4b004,,skia,20171203-snapshot-79ee7393,,Exact,,debugger,,DYNAMICALLY_LINKED,false,,,,
2aaf9344-3d47-4543-9292-b24478bdfdf5,4c670d53-4d3a-46c2-b5da-bfad25a4b004,,skia,20171203-snapshot-79ee7393,,Exact,,src/sksl/ir/,,DYNAMICALLY_LINKED,false,,,,
2aaf9344-3d47-4543-9292-b24478bdfdf5,4c670d53-4d3a-46c2-b5da-bfad25a4b004,,skia,20171203-snapshot-79ee7393,,Exact,,src/sksl/lex/,,DYNAMICALLY_LINKED,false,,,,
2aaf9344-3d47-4543-9292-b24478bdfdf5,4c670d53-4d3a-46c2-b5da-bfad25a4b004,,skia,20171203-snapshot-79ee7393,,Exact,,src/gpu/vk/,,DYNAMICALLY_LINKED,false,,,,
2aaf9344-3d47-4543-9292-b24478bdfdf5,4c670d53-4d3a-46c2-b5da-bfad25a4b004,,skia,20171203-snapshot-79ee7393,,Exact,,src/sksl/ast/,,DYNAMICALLY_LINKED,false,,,,
2aaf9344-3d47-4543-9292-b24478bdfdf5,4c670d53-4d3a-46c2-b5da-bfad25a4b004,,skia,20171203-snapshot-79ee7393,,Files Modified,,gn,,DYNAMICALLY_LINKED,false,,,,
2aaf9344-3d47-4543-9292-b24478bdfdf5,4c670d53-4d3a-46c2-b5da-bfad25a4b004,,skia,20171203-snapshot-79ee7393,,Files Modified,,src/gpu/,,DYNAMICALLY_LINKED,false,,,,
2aaf9344-3d47-4543-9292-b24478bdfdf5,4c670d53-4d3a-46c2-b5da-bfad25a4b004,,skia,20171203-snapshot-79ee7393,,Exact,,experimental/docs/exampleSlides.js,,DYNAMICALLY_LINKED,false,,,,
2aaf9344-3d47-4543-9292-b24478bdfdf5,4c670d53-4d3a-46c2-b5da-bfad25a4b004,,skia,20171203-snapshot-79ee7393,,Exact,,src/c/,,DYNAMICALLY_LINKED,false,,,,
2aaf9344-3d47-4543-9292-b24478bdfdf5,4c670d53-4d3a-46c2-b5da-bfad25a4b004,,skia,20171203-snapshot-79ee7393,,Exact,,experimental,,DYNAMICALLY_LINKED,false,,,,
2aaf9344-3d47-4543-9292-b24478bdfdf5,4c670d53-4d3a-46c2-b5da-bfad25a4b004,,skia,20171203-snapshot-79ee7393,,Exact,,src/gpu/instanced/,,DYNAMICALLY_LINKED,false,,,,
2aaf9344-3d47-4543-9292-b24478bdfdf5,4c670d53-4d3a-46c2-b5da-bfad25a4b004,,skia,20171203-snapshot-79ee7393,,Files Modified,,samplecode,,DYNAMICALLY_LINKED,false,,,,
348a70b5-919a-4653-be26-4c45bc97fa2f,c6ca129f-c30c-475f-8178-69e9f3aba610,,Velcro Android Archetype,1.0.0,,Exact,,platform_tools/android/apps/gradle/wrapper/gradle-wrapper.jar,,DYNAMICALLY_LINKED,false,,,,
1d26af72-1313-44d5-8f59-80a970e65a84,de908f35-beeb-4b8b-b177-7443a64774b2,,Yoke,2.0.12,,Exact,,/org/gradle/cli/,platform_tools/android/apps/gradle/wrapper/gradle-wrapper.jar!/,DYNAMICALLY_LINKED,false,,,,
