Component id,Version id,Origin id,Component name,Component version name,Component origin version name,Match type,Match content,Path,Archive context,Usage,Adjusted,Component policy status,Overridden By,Origin name,Origin name id
2aaf9344-3d47-4543-9292-b24478bdfdf5,4c670d53-4d3a-46c2-b5da-bfad25a4b004,,skia,20171203-snapshot-79ee7393,,Exact,,platform_tools/ios/,,DYNAMICALLY_LINKED,false,,,,
2aaf9344-3d47-4543-9292-b24478bdfdf5,4c670d53-4d3a-46c2-b5da-bfad25a4b004,,skia,20171203-snapshot-79ee7393,,Exact,,infra/bots/assets/android_ndk_linux/,,DYNAMICALLY_LINKED,false,,,,
2aaf9344-3d47-4543-9292-b24478bdfdf5,4c670d53-4d3a-46c2-b5da-bfad25a4b004,,skia,20171203-snapshot-79ee7393,,Exact,,tools/lua/,,DYNAMICALLY_LINKED,false,,,,
2aaf9344-3d47-4543-9292-b24478bdfdf5,4c670d53-4d3a-46c2-b5da-bfad25a4b004,,skia,20171203-snapshot-79ee7393,,Exact,,infra/bots/recipe_modules/gsutil/,,DYNAMICALLY_LINKED,false,,,,
2aaf9344-3d47-4543-9292-b24478bdfdf5,4c670d53-4d3a-46c2-b5da-bfad25a4b004,,skia,20171203-snapshot-79ee7393,,Files Modified,,src/pdf/,,DYNAMICALLY_LINKED,false,,,,
2aaf9344-3d47-4543-9292-b24478bdfdf5,4c670d53-4d3a-46c2-b5da-bfad25a4b004,,skia,20171203-snapshot-79ee7393,,Exact,,infra/bots/assets/win_toolchain/,,DYNAMICALLY_LINKED,false,,,,
2aaf9344-3d47-4543-9292-b24478bdfdf5,4c670d53-4d3a-46c2-b5da-bfad25a4b004,,skia,20171203-snapshot-79ee7393,,Exact,,experimental/docs/interpolatorFunctions.js,,DYNAMICALLY_LINKED,false,,,,
2aaf9344-3d47-4543-9292-b24478bdfdf5,4c670d53-4d3a-46c2-b5da-bfad25a4b004,,skia,20171203-snapshot-79ee7393,,Files Modified,,platform_tools/android/bin/,,DYNAMICALLY_LINKED,false,,,,
2aaf9344-3d47-4543-9292-b24478bdfdf5,4c670d53-4d3a-46c2-b5da-bfad25a4b004,,skia,20171203-snapshot-79ee7393,,Exact,,infra/bots/recipe_modules/ct/,,DYNAMICALLY_LINKED,false,,,,
2aaf9344-3d47-4543-9292-b24478bdfdf5,4c670d53-4d3a-46c2-b5da-bfad25a4b004,,skia,20171203-snapshot-79ee7393,,Exact,,infra/bots/assets/android_ndk_windows/,,DYNAMICALLY_LINKED,false,,,,
2aaf9344-3d47-4543-9292-b24478bdfdf5,4c670d53-4d3a-46c2-b5da-bfad25a4b004,,skia,20171203-snapshot-79ee7393,,Files Modified,,src/sksl/,,DYNAMICALLY_LINKED,false,,,,
2aaf9344-3d47-4543-9292-b24478bdfdf5,4c670d53-4d3a-46c2-b5da-bfad25a4b004,,skia,20171203-snapshot-79ee7393,,Exact,,infra/bots/assets/linux_vulkan_sdk/,,DYNAMICALLY_LINKED,false,,,,
2aaf9344-3d47-4543-9292-b24478bdfdf5,4c670d53-4d3a-46c2-b5da-bfad25a4b004,,skia,20171203-snapshot-79ee7393,,Exact,,experimental/tools/,,DYNAMICALLY_LINKED,false,,,,
2aaf9344-3d47-4543-9292-b24478bdfdf5,4c670d53-4d3a-46c2-b5da-bfad25a4b004,,skia,20171203-snapshot-79ee7393,,Exact,,src/xml/,,DYNAMICALLY_LINKED,false,,,,
2aaf9344-3d47-4543-9292-b24478bdfdf5,4c670d53-4d3a-46c2-b5da-bfad25a4b004,,skia,20171203-snapshot-79ee7393,,Files Modified,,src/pathops/,,DYNAMICALLY_LINKED,false,,,,
2aaf9344-3d47-4543-9292-b24478bdfdf5,4c670d53-4d3a-46c2-b5da-bfad25a4b004,,skia,20171203-snapshot-79ee7393,,Files Modified,,tools/shape/,,DYNAMICALLY_LINKED,false,,,,
2aaf9344-3d47-4543-9292-b24478bdfdf5,4c670d53-4d3a-46c2-b5da-bfad25a4b004,,skia,20171203-snapshot-79ee7393,,Exact,,src/views/,,DYNAMICALLY_LINKED,false,,,,
2aaf9344-3d47-4543-9292-b24478bdfdf5,4c670d53-4d3a-46c2-b5da-bfad25a4b004,,skia,20171203-snapshot-79ee7393,,Files Modified,,fuzz,,DYNAMICALLY_LINKED,false,,,,
2aaf9344-3d47-4543-9292-b24478bdfdf5,4c670d53-4d3a-46c2-b5da-bfad25a4b004,,skia,20171203-snapshot-79ee7393,,Exact,,infra/bots/assets/go/,,DYNAMICALLY_LINKED,false,,,,
2aaf9344-3d47-4543-9292-b24478bdfdf5,4c670d53-4d3a-46c2-b5da-bfad25a4b004,,skia,20171203-snapshot-79ee7393,,Exact,,resources/android_fonts/,,DYNAMICALLY_LINKED,false,,,,
2aaf9344-3d47-4543-9292-b24478bdfdf5,4c670d53-4d3a-46c2-b5da-bfad25a4b004,,skia,20171203-snapshot-79ee7393,,Files Modified,,infra/bots/recipe_modules/infra/,,DYNAMICALLY_LINKED,false,,,,
2aaf9344-3d47-4543-9292-b24478bdfdf5,4c670d53-4d3a-46c2-b5da-bfad25a4b004,,skia,20171203-snapshot-79ee7393,,Exact,,src/android/,,DYNAMICALLY_LINKED,false,,,,
2aaf9344-3d47-4543-9292-b24478bdfdf5,4c670d53-4d3a-46c2-b5da-bfad25a4b004,,skia,20171203-snapshot-79ee7393,,Files Modified,,platform_tools/android/apps/,,DYNAMICALLY_LINKED,false,,,,
2aaf9344-3d47-4543-9292-b24478bdfdf5,4c670d53-4d3a-46c2-b5da-bfad25a4b004,,skia,20171203-snapshot-79ee7393,,Exact,,infra/bots/ct/,,DYNAMICALLY_LINKED,false,,,,
2aaf9344-3d47-4543-9292-b24478bdfdf5,4c670d53-4d3a-46c2-b5da-bfad25a4b004,,skia,20171203-snapshot-79ee7393,,Exact,,infra/bots/recipe_modules/swarming/,,DYNAMICALLY_LINKED,false,,,,
2aaf9344-3d47-4543-9292-b24478bdfdf5,4c670d53-4d3a-46c2-b5da-bfad25a4b004,,skia,20171203-snapshot-79ee7393,,Exact,,src/sksl/ast/,,DYNAMICALLY_LINKED,false,,,,
2aaf9344-3d47-4543-9292-b24478bdfdf5,4c670d53-4d3a-46c2-b5da-bfad25a4b004,,skia,20171203-snapshot-79ee7393,,Exact,,infra/bots/assets/valgrind/,,DYNAMICALLY_LINKED,false,,,,
2aaf9344-3d47-4543-9292-b24478bdfdf5,4c670d53-4d3a-46c2-b5da-bfad25a4b004,,skia,20171203-snapshot-79ee7393,,Files Modified,,infra/bots/recipes/ct_skps.expected/,,DYNAMICALLY_LINKED,false,,,,
2aaf9344-3d47-4543-9292-b24478bdfdf5,4c670d53-4d3a-46c2-b5da-bfad25a4b004,,skia,20171203-snapshot-79ee7393,,Exact,,tools/mdbviz/,,DYNAMICALLY_LINKED,false,,,,
2aaf9344-3d47-4543-9292-b24478bdfdf5,4c670d53-4d3a-46c2-b5da-bfad25a4b004,,skia,20171203-snapshot-79ee7393,,Files Added/Deleted,,tools,,DYNAMICALLY_LINKED,false,,,,
2aaf9344-3d47-4543-9292-b24478bdfdf5,4c670d53-4d3a-46c2-b5da-bfad25a4b004,,skia,20171203-snapshot-79ee7393,,Files Modified,,site,,DYNAMICALLY_LINKED,false,,,,
2aaf9344-3d47-4543-9292-b24478bdfdf5,4c670d53-4d3a-46c2-b5da-bfad25a4b004,,skia,20171203-snapshot-79ee7393,,Exact,,tools/trace/,,DYNAMICALLY_LINKED,false,,,,
2aaf9344-3d47-4543-9292-b24478bdfdf5,4c670d53-4d3a-46c2-b5da-bfad25a4b004,,skia,20171203-snapshot-79ee7393,,Files Modified,,bin,,DYNAMICALLY_LINKED,false,,,,
2aaf9344-3d47-4543-9292-b24478bdfdf5,4c670d53-4d3a-46c2-b5da-bfad25a4b004,,skia,20171203-snapshot-79ee7393,,Exact,,infra/bots/recipe_modules/builder_name_schema/,,DYNAMICALLY_LINKED,false,,,,
2aaf9344-3d47-4543-9292-b24478bdfdf5,4c670d53-4d3a-46c2-b5da-bfad25a4b004,,skia,20171203-snapshot-79ee7393,,Files Modified,,tools/debugger/,,DYNAMICALLY_LINKED,false,,,,
2aaf9344-3d47-4543-9292-b24478bdfdf5,4c670d53-4d3a-46c2-b5da-bfad25a4b004,,skia,20171203-snapshot-79ee7393,,Exact,,experimental/docs/svgBackend.js,,DYNAMICALLY_LINKED,false,,,,
2aaf9344-3d47-4543-9292-b24478bdfdf5,4c670d53-4d3a-46c2-b5da-bfad25a4b004,,skia,20171203-snapshot-79ee7393,,Exact,,site/user/special/,,DYNAMICALLY_LINKED,false,,,,
2aaf9344-3d47-4543-9292-b24478bdfdf5,4c670d53-4d3a-46c2-b5da-bfad25a4b004,,skia,20171203-snapshot-79ee7393,,Exact,,tools/skiaserve/,,DYNAMICALLY_LINKED,false,,,,
2aaf9344-3d47-4543-9292-b24478bdfdf5,4c670d53-4d3a-46c2-b5da-bfad25a4b004,,skia,20171203-snapshot-79ee7393,,Exact,,infra/bots/assets/android_ndk_darwin/,,DYNAMICALLY_LINKED,false,,,,
2aaf9344-3d47-4543-9292-b24478bdfdf5,4c670d53-4d3a-46c2-b5da-bfad25a4b004,,skia,20171203-snapshot-79ee7393,,Exact,,infra/bots/assets/protoc/,,DYNAMICALLY_LINKED,false,,,,
2aaf9344-3d47-4543-9292-b24478bdfdf5,4c670d53-4d3a-46c2-b5da-bfad25a4b004,,skia,20171203-snapshot-79ee7393,,Exact,,tools/svg/,,DYNAMICALLY_LINKED,false,,,,
2aaf9344-3d47-4543-9292-b24478bdfdf5,4c670d53-4d3a-46c2-b5da-bfad25a4b004,,skia,20171203-snapshot-79ee7393,,Files Modified,,src/gpu/mtl/,,DYNAMICALLY_LINKED,false,,,,
2aaf9344-3d47-4543-9292-b24478bdfdf5,4c670d53-4d3a-46c2-b5da-bfad25a4b004,,skia,20171203-snapshot-79ee7393,,Exact,,tools/gpucts/,,DYNAMICALLY_LINKED,false,,,,
2aaf9344-3d47-4543-9292-b24478bdfdf5,4c670d53-4d3a-46c2-b5da-bfad25a4b004,,skia,20171203-snapshot-79ee7393,,Exact,,infra/bots/recipe_modules/skia_swarming/,,DYNAMICALLY_LINKED,false,,,,
2aaf9344-3d47-4543-9292-b24478bdfdf5,4c670d53-4d3a-46c2-b5da-bfad25a4b004,,skia,20171203-snapshot-79ee7393,,Files Modified,,src/gpu/mock/,,DYNAMICALLY_LINKED,false,,,,
2aaf9344-3d47-4543-9292-b24478bdfdf5,4c670d53-4d3a-46c2-b5da-bfad25a4b004,,skia,20171203-snapshot-79ee7393,,Exact,,infra/project-config/,,DYNAMICALLY_LINKED,false,,,,
2aaf9344-3d47-4543-9292-b24478bdfdf5,4c670d53-4d3a-46c2-b5da-bfad25a4b004,,skia,20171203-snapshot-79ee7393,,Exact,,resources/icc_profiles/,,DYNAMICALLY_LINKED,false,,,,
2aaf9344-3d47-4543-9292-b24478bdfdf5,4c670d53-4d3a-46c2-b5da-bfad25a4b004,,skia,20171203-snapshot-79ee7393,,Files Modified,,src/gpu/text/,,DYNAMICALLY_LINKED,false,,,,
2aaf9344-3d47-4543-9292-b24478bdfdf5,4c670d53-4d3a-46c2-b5da-bfad25a4b004,,skia,20171203-snapshot-79ee7393,,Exact,,infra/bots/assets/win_vulkan_sdk/,,DYNAMICALLY_LINKED,false,,,,
2aaf9344-3d47-4543-9292-b24478bdfdf5,4c670d53-4d3a-46c2-b5da-bfad25a4b004,,skia,20171203-snapshot-79ee7393,,Files Modified,,tools/gpu/gl/,,DYNAMICALLY_LINKED,false,,,,
2aaf9344-3d47-4543-9292-b24478bdfdf5,4c670d53-4d3a-46c2-b5da-bfad25a4b004,,skia,20171203-snapshot-79ee7393,,Exact,,src/sksl/ir/,,DYNAMICALLY_LINKED,false,,,,
2aaf9344-3d47-4543-9292-b24478bdfdf5,4c670d53-4d3a-46c2-b5da-bfad25a4b004,,skia,20171203-snapshot-79ee7393,,Exact,,infra/bots/recipes/upload_coverage_results.expected/,,DYNAMICALLY_LINKED,false,,,,
2aaf9344-3d47-4543-9292-b24478bdfdf5,4c670d53-4d3a-46c2-b5da-bfad25a4b004,,skia,20171203-snapshot-79ee7393,,Files Modified,,infra/bots/recipe_modules/core/,,DYNAMICALLY_LINKED,false,,,,
2aaf9344-3d47-4543-9292-b24478bdfdf5,4c670d53-4d3a-46c2-b5da-bfad25a4b004,,skia,20171203-snapshot-79ee7393,,Exact,,platform_tools/android/apps/viewer/src/,,DYNAMICALLY_LINKED,false,,,,
2aaf9344-3d47-4543-9292-b24478bdfdf5,4c670d53-4d3a-46c2-b5da-bfad25a4b004,,skia,20171203-snapshot-79ee7393,,Files Modified,,dm,,DYNAMICALLY_LINKED,false,,,,
2aaf9344-3d47-4543-9292-b24478bdfdf5,4c670d53-4d3a-46c2-b5da-bfad25a4b004,,skia,20171203-snapshot-79ee7393,,Exact,,infra/bots/recipe_modules/env/,,DYNAMICALLY_LINKED,false,,,,
2aaf9344-3d47-4543-9292-b24478bdfdf5,4c670d53-4d3a-46c2-b5da-bfad25a4b004,,skia,20171203-snapshot-79ee7393,,Files Modified,,tools/bookmaker/,,DYNAMICALLY_LINKED,false,,,,
2aaf9344-3d47-4543-9292-b24478bdfdf5,4c670d53-4d3a-46c2-b5da-bfad25a4b004,,skia,20171203-snapshot-79ee7393,,Files Modified,,src/gpu/gl/builders/,,DYNAMICALLY_LINKED,false,,,,
2aaf9344-3d47-4543-9292-b24478bdfdf5,4c670d53-4d3a-46c2-b5da-bfad25a4b004,,skia,20171203-snapshot-79ee7393,,Files Modified,,tools/skp/,,DYNAMICALLY_LINKED,false,,,,
2aaf9344-3d47-4543-9292-b24478bdfdf5,4c670d53-4d3a-46c2-b5da-bfad25a4b004,,skia,20171203-snapshot-79ee7393,,Exact,,infra/bots/assets/armhf_sysroot/,,DYNAMICALLY_LINKED,false,,,,
2aaf9344-3d47-4543-9292-b24478bdfdf5,4c670d53-4d3a-46c2-b5da-bfad25a4b004,,skia,20171203-snapshot-79ee7393,,Files Modified,,src/ports/,,DYNAMICALLY_LINKED,false,,,,
2aaf9344-3d47-4543-9292-b24478bdfdf5,4c670d53-4d3a-46c2-b5da-bfad25a4b004,,skia,20171203-snapshot-79ee7393,,Files Modified,,tools/fiddle/,,DYNAMICALLY_LINKED,false,,,,
2aaf9344-3d47-4543-9292-b24478bdfdf5,4c670d53-4d3a-46c2-b5da-bfad25a4b004,,skia,20171203-snapshot-79ee7393,,Files Modified,,src/gpu/glsl/,,DYNAMICALLY_LINKED,false,,,,
2aaf9344-3d47-4543-9292-b24478bdfdf5,4c670d53-4d3a-46c2-b5da-bfad25a4b004,,skia,20171203-snapshot-79ee7393,,Exact,,infra/bots/assets/android_sdk/,,DYNAMICALLY_LINKED,false,,,,
2aaf9344-3d47-4543-9292-b24478bdfdf5,4c670d53-4d3a-46c2-b5da-bfad25a4b004,,skia,20171203-snapshot-79ee7393,,Exact,,experimental/docs/utilities.js,,DYNAMICALLY_LINKED,false,,,,
2aaf9344-3d47-4543-9292-b24478bdfdf5,4c670d53-4d3a-46c2-b5da-bfad25a4b004,,skia,20171203-snapshot-79ee7393,,Exact,,tools/gpu/gl/debug/,,DYNAMICALLY_LINKED,false,,,,
2aaf9344-3d47-4543-9292-b24478bdfdf5,4c670d53-4d3a-46c2-b5da-bfad25a4b004,,skia,20171203-snapshot-79ee7393,,Exact,,experimental/svg/,,DYNAMICALLY_LINKED,false,,,,
2aaf9344-3d47-4543-9292-b24478bdfdf5,4c670d53-4d3a-46c2-b5da-bfad25a4b004,,skia,20171203-snapshot-79ee7393,,Exact,,experimental/docs/backend.js,,DYNAMICALLY_LINKED,false,,,,
2aaf9344-3d47-4543-9292-b24478bdfdf5,4c670d53-4d3a-46c2-b5da-bfad25a4b004,,skia,20171203-snapshot-79ee7393,,Files Modified,,infra/bots/recipe_modules/run/,,DYNAMICALLY_LINKED,false,,,,
2aaf9344-3d47-4543-9292-b24478bdfdf5,4c670d53-4d3a-46c2-b5da-bfad25a4b004,,skia,20171203-snapshot-79ee7393,,Exact,,infra/bots/assets/skimage/,,DYNAMICALLY_LINKED,false,,,,
2aaf9344-3d47-4543-9292-b24478bdfdf5,4c670d53-4d3a-46c2-b5da-bfad25a4b004,,skia,20171203-snapshot-79ee7393,,Files Modified,,infra/bots/recipes/skpbench.expected/,,DYNAMICALLY_LINKED,false,,,,
2aaf9344-3d47-4543-9292-b24478bdfdf5,4c670d53-4d3a-46c2-b5da-bfad25a4b004,,skia,20171203-snapshot-79ee7393,,Exact,,infra/bots/assets/cast_toolchain/,,DYNAMICALLY_LINKED,false,,,,
2aaf9344-3d47-4543-9292-b24478bdfdf5,4c670d53-4d3a-46c2-b5da-bfad25a4b004,,skia,20171203-snapshot-79ee7393,,Files Modified,,src/jumper/,,DYNAMICALLY_LINKED,false,,,,
2aaf9344-3d47-4543-9292-b24478bdfdf5,4c670d53-4d3a-46c2-b5da-bfad25a4b004,,skia,20171203-snapshot-79ee7393,,Exact,,tools/skdiff/,,DYNAMICALLY_LINKED,false,,,,
2aaf9344-3d47-4543-9292-b24478bdfdf5,4c670d53-4d3a-46c2-b5da-bfad25a4b004,,skia,20171203-snapshot-79ee7393,,Files Modified,,experimental,,DYNAMICALLY_LINKED,false,,,,
2aaf9344-3d47-4543-9292-b24478bdfdf5,4c670d53-4d3a-46c2-b5da-bfad25a4b004,,skia,20171203-snapshot-79ee7393,,Exact,,infra/bots/assets/linux_vulkan_intel_driver_debug/,,DYNAMICALLY_LINKED,false,,,,
2aaf9344-3d47-4543-9292-b24478bdfdf5,4c670d53-4d3a-46c2-b5da-bfad25a4b004,,skia,20171203-snapshot-79ee7393,,Files Modified,,src/image/,,DYNAMICALLY_LINKED,false,,,,
2aaf9344-3d47-4543-9292-b24478bdfdf5,4c670d53-4d3a-46c2-b5da-bfad25a4b004,,skia,20171203-snapshot-79ee7393,,Exact,,infra/bots/recipe_modules/swarming_client/,,DYNAMICALLY_LINKED,false,,,,
2aaf9344-3d47-4543-9292-b24478bdfdf5,4c670d53-4d3a-46c2-b5da-bfad25a4b004,,skia,20171203-snapshot-79ee7393,,Exact,,infra/bots/recipe_modules/core/resources/,,DYNAMICALLY_LINKED,false,,,,
2aaf9344-3d47-4543-9292-b24478bdfdf5,4c670d53-4d3a-46c2-b5da-bfad25a4b004,,skia,20171203-snapshot-79ee7393,,Exact,,src/sksl/lex/,,DYNAMICALLY_LINKED,false,,,,
2aaf9344-3d47-4543-9292-b24478bdfdf5,4c670d53-4d3a-46c2-b5da-bfad25a4b004,,skia,20171203-snapshot-79ee7393,,Exact,,infra/bots/recipe_modules/git/,,DYNAMICALLY_LINKED,false,,,,
2aaf9344-3d47-4543-9292-b24478bdfdf5,4c670d53-4d3a-46c2-b5da-bfad25a4b004,,skia,20171203-snapshot-79ee7393,,Exact,,infra/bots/assets/linux_vulkan_intel_driver_release/,,DYNAMICALLY_LINKED,false,,,,
2aaf9344-3d47-4543-9292-b24478bdfdf5,4c670d53-4d3a-46c2-b5da-bfad25a4b004,,skia,20171203-snapshot-79ee7393,,Exact,,experimental/docs/exampleSlides.js,,DYNAMICALLY_LINKED,false,,,,
2aaf9344-3d47-4543-9292-b24478bdfdf5,4c670d53-4d3a-46c2-b5da-bfad25a4b004,,skia,20171203-snapshot-79ee7393,,Exact,,infra/bots/recipes/upload_dm_results.expected/,,DYNAMICALLY_LINKED,false,,,,
2aaf9344-3d47-4543-9292-b24478bdfdf5,4c670d53-4d3a-46c2-b5da-bfad25a4b004,,skia,20171203-snapshot-79ee7393,,Exact,,infra/bots/assets/chromebook_arm_gles/,,DYNAMICALLY_LINKED,false,,,,
2aaf9344-3d47-4543-9292-b24478bdfdf5,4c670d53-4d3a-46c2-b5da-bfad25a4b004,,skia,20171203-snapshot-79ee7393,,Exact,,infra/bots/assets/chromebook_x86_64_gles/,,DYNAMICALLY_LINKED,false,,,,
2aaf9344-3d47-4543-9292-b24478bdfdf5,4c670d53-4d3a-46c2-b5da-bfad25a4b004,,skia,20171203-snapshot-79ee7393,,Exact,,infra/bots/assets/skp/,,DYNAMICALLY_LINKED,false,,,,
2aaf9344-3d47-4543-9292-b24478bdfdf5,4c670d53-4d3a-46c2-b5da-bfad25a4b004,,skia,20171203-snapshot-79ee7393,,Exact,,tools/skpbench/,,DYNAMICALLY_LINKED,false,,,,
2aaf9344-3d47-4543-9292-b24478bdfdf5,4c670d53-4d3a-46c2-b5da-bfad25a4b004,,skia,20171203-snapshot-79ee7393,,Files Modified,,src/codec/,,DYNAMICALLY_LINKED,false,,,,
2aaf9344-3d47-4543-9292-b24478bdfdf5,4c670d53-4d3a-46c2-b5da-bfad25a4b004,,skia,20171203-snapshot-79ee7393,,Exact,,experimental/docs/animationCommon.js,,DYNAMICALLY_LINKED,false,,,,
2aaf9344-3d47-4543-9292-b24478bdfdf5,4c670d53-4d3a-46c2-b5da-bfad25a4b004,,skia,20171203-snapshot-79ee7393,,Exact,,infra/bots/assets/clang_linux/,,DYNAMICALLY_LINKED,false,,,,
2aaf9344-3d47-4543-9292-b24478bdfdf5,4c670d53-4d3a-46c2-b5da-bfad25a4b004,,skia,20171203-snapshot-79ee7393,,Files Modified,,src/images/,,DYNAMICALLY_LINKED,false,,,,
2aaf9344-3d47-4543-9292-b24478bdfdf5,4c670d53-4d3a-46c2-b5da-bfad25a4b004,,skia,20171203-snapshot-79ee7393,,Exact,,site/dev/,,DYNAMICALLY_LINKED,false,,,,
2aaf9344-3d47-4543-9292-b24478bdfdf5,4c670d53-4d3a-46c2-b5da-bfad25a4b004,,skia,20171203-snapshot-79ee7393,,Files Added/Deleted,,infra/bots/recipe_modules/,,DYNAMICALLY_LINKED,false,,,,
2aaf9344-3d47-4543-9292-b24478bdfdf5,4c670d53-4d3a-46c2-b5da-bfad25a4b004,,skia,20171203-snapshot-79ee7393,,Exact,,resources/invalid_images/,,DYNAMICALLY_LINKED,false,,,,
2aaf9344-3d47-4543-9292-b24478bdfdf5,4c670d53-4d3a-46c2-b5da-bfad25a4b004,,skia,20171203-snapshot-79ee7393,,Exact,,src/sfnt/,,DYNAMICALLY_LINKED,false,,,,
2aaf9344-3d47-4543-9292-b24478bdfdf5,4c670d53-4d3a-46c2-b5da-bfad25a4b004,,skia,20171203-snapshot-79ee7393,,Exact,,infra/bots/assets/clang_win/,,DYNAMICALLY_LINKED,false,,,,
2aaf9344-3d47-4543-9292-b24478bdfdf5,4c670d53-4d3a-46c2-b5da-bfad25a4b004,,skia,20171203-snapshot-79ee7393,,Files Modified,,tools/flags/,,DYNAMICALLY_LINKED,false,,,,
2aaf9344-3d47-4543-9292-b24478bdfdf5,4c670d53-4d3a-46c2-b5da-bfad25a4b004,,skia,20171203-snapshot-79ee7393,,Files Modified,,tools/sk_app/,,DYNAMICALLY_LINKED,false,,,,
2aaf9344-3d47-4543-9292-b24478bdfdf5,4c670d53-4d3a-46c2-b5da-bfad25a4b004,,skia,20171203-snapshot-79ee7393,,Exact,,experimental/docs/canvasBackend.js,,DYNAMICALLY_LINKED,false,,,,
2aaf9344-3d47-4543-9292-b24478bdfdf5,4c670d53-4d3a-46c2-b5da-bfad25a4b004,,skia,20171203-snapshot-79ee7393,,Exact,,infra/bots/assets/scripts/,,DYNAMICALLY_LINKED,false,,,,
2aaf9344-3d47-4543-9292-b24478bdfdf5,4c670d53-4d3a-46c2-b5da-bfad25a4b004,,skia,20171203-snapshot-79ee7393,,Exact,,src/atlastext/,,DYNAMICALLY_LINKED,false,,,,
2aaf9344-3d47-4543-9292-b24478bdfdf5,4c670d53-4d3a-46c2-b5da-bfad25a4b004,,skia,20171203-snapshot-79ee7393,,Files Added/Deleted,,src/gpu/gl/,,DYNAMICALLY_LINKED,false,,,,
2aaf9344-3d47-4543-9292-b24478bdfdf5,4c670d53-4d3a-46c2-b5da-bfad25a4b004,,skia,20171203-snapshot-79ee7393,,Exact,,resources/fonts/,,DYNAMICALLY_LINKED,false,,,,
2aaf9344-3d47-4543-9292-b24478bdfdf5,4c670d53-4d3a-46c2-b5da-bfad25a4b004,,skia,20171203-snapshot-79ee7393,,Files Modified,,src/gpu/vk/,,DYNAMICALLY_LINKED,false,,,,
2aaf9344-3d47-4543-9292-b24478bdfdf5,4c670d53-4d3a-46c2-b5da-bfad25a4b004,,skia,20171203-snapshot-79ee7393,,Exact,,debugger/QT/Icons/,,DYNAMICALLY_LINKED,false,,,,
2aaf9344-3d47-4543-9292-b24478bdfdf5,4c670d53-4d3a-46c2-b5da-bfad25a4b004,,skia,20171203-snapshot-79ee7393,,Exact,,infra/bots/assets/svg/,,DYNAMICALLY_LINKED,false,,,,
2aaf9344-3d47-4543-9292-b24478bdfdf5,4c670d53-4d3a-46c2-b5da-bfad25a4b004,,skia,20171203-snapshot-79ee7393,,Files Modified,,src/gpu/ops/,,DYNAMICALLY_LINKED,false,,,,
2aaf9344-3d47-4543-9292-b24478bdfdf5,4c670d53-4d3a-46c2-b5da-bfad25a4b004,,skia,20171203-snapshot-79ee7393,,Exact,,infra/bots/tools/,,DYNAMICALLY_LINKED,false,,,,
2aaf9344-3d47-4543-9292-b24478bdfdf5,4c670d53-4d3a-46c2-b5da-bfad25a4b004,,skia,20171203-snapshot-79ee7393,,Exact,,src/c/,,DYNAMICALLY_LINKED,false,,,,
2aaf9344-3d47-4543-9292-b24478bdfdf5,4c670d53-4d3a-46c2-b5da-bfad25a4b004,,skia,20171203-snapshot-79ee7393,,Files Modified,,src/utils/,,DYNAMICALLY_LINKED,false,,,,
2aaf9344-3d47-4543-9292-b24478bdfdf5,4c670d53-4d3a-46c2-b5da-bfad25a4b004,,skia,20171203-snapshot-79ee7393,,Exact,,tools/skp/page_sets/other/,,DYNAMICALLY_LINKED,false,,,,
2aaf9344-3d47-4543-9292-b24478bdfdf5,4c670d53-4d3a-46c2-b5da-bfad25a4b004,,skia,20171203-snapshot-79ee7393,,Files Modified,,src/effects/,,DYNAMICALLY_LINKED,false,,,,
2aaf9344-3d47-4543-9292-b24478bdfdf5,4c670d53-4d3a-46c2-b5da-bfad25a4b004,,skia,20171203-snapshot-79ee7393,,Exact,,infra/bots/assets/emscripten_sdk/,,DYNAMICALLY_LINKED,false,,,,
2aaf9344-3d47-4543-9292-b24478bdfdf5,4c670d53-4d3a-46c2-b5da-bfad25a4b004,,skia,20171203-snapshot-79ee7393,,Exact,,infra/bots/recipe_modules/isolate/,,DYNAMICALLY_LINKED,false,,,,
2aaf9344-3d47-4543-9292-b24478bdfdf5,4c670d53-4d3a-46c2-b5da-bfad25a4b004,,skia,20171203-snapshot-79ee7393,,Exact,,resources/empty_images/,,DYNAMICALLY_LINKED,false,,,,
2aaf9344-3d47-4543-9292-b24478bdfdf5,4c670d53-4d3a-46c2-b5da-bfad25a4b004,,skia,20171203-snapshot-79ee7393,,Files Modified,,src/xps/,,DYNAMICALLY_LINKED,false,,,,
2aaf9344-3d47-4543-9292-b24478bdfdf5,4c670d53-4d3a-46c2-b5da-bfad25a4b004,,skia,20171203-snapshot-79ee7393,,Files Modified,,samplecode,,DYNAMICALLY_LINKED,false,,,,
348a70b5-919a-4653-be26-4c45bc97fa2f,c6ca129f-c30c-475f-8178-69e9f3aba610,,Velcro Android Archetype,1.0.0,,Exact,,platform_tools/android/apps/gradle/wrapper/gradle-wrapper.jar,,DYNAMICALLY_LINKED,false,,,,
1d26af72-1313-44d5-8f59-80a970e65a84,de908f35-beeb-4b8b-b177-7443a64774b2,,Yoke,2.0.12,,Exact,,/org/gradle/cli/,platform_tools/android/apps/gradle/wrapper/gradle-wrapper.jar!/,DYNAMICALLY_LINKED,false,,,,
